Text, base64, Sum
zero, emVybw==, 244
one, b25l, 53
two, dHdv, 134
three, dGhyZWU=, 207
four, Zm91cg==, 117
five, Zml2ZQ==, 138
six, c2l4, 53
seven, c2V2ZW4=, 63
eight, ZWlnaHQ=, 194
nine, bmluZQ==, 213
ten, dGVu, 118
hello, aGVsbG8=, 143
world, d29ybGQ=, 127
0, MA==, 8
1, MQ==, 24
2, Mg==, 46
3, Mw==, 62
4, NA==, 9
5, NQ==, 25
6, Ng==, 47
7, Nw==, 63
8, OA==, 10
9, OQ==, 26
10, MTA=, 31
11, MTE=, 35
12, MTI=, 39
13, MTM=, 43
14, MTQ=, 47
15, MTU=, 51
16, MTY=, 55
17, MTc=, 65
18, MTg=, 69
19, MTk=, 73
20, MjA=, 53
21, MjE=, 57
22, MjI=, 61
23, MjM=, 65
24, MjQ=, 69
25, MjU=, 73
26, MjY=, 77
27, Mjc=, 87
28, Mjg=, 91
29, Mjk=, 95
30, MzA=, 69
31, MzE=, 73
32, MzI=, 77
33, MzM=, 81
34, MzQ=, 85
35, MzU=, 89
36, MzY=, 93
37, Mzc=, 103
38, Mzg=, 107
39, Mzk=, 111
40, NDA=, 16
41, NDE=, 20
42, NDI=, 24
43, NDM=, 28
44, NDQ=, 32
45, NDU=, 36
46, NDY=, 40
47, NDc=, 50
48, NDg=, 54
49, NDk=, 58
50, NTA=, 32
51, NTE=, 36
52, NTI=, 40
53, NTM=, 44
54, NTQ=, 48
55, NTU=, 52
56, NTY=, 56
57, NTc=, 66
58, NTg=, 70
59, NTk=, 74
60, NjA=, 54
61, NjE=, 58
62, NjI=, 62
63, NjM=, 66
64, NjQ=, 70
65, NjU=, 74
66, NjY=, 78
67, Njc=, 88
68, Njg=, 92
69, Njk=, 96
70, NzA=, 70
71, NzE=, 74
72, NzI=, 78
73, NzM=, 82
74, NzQ=, 86
75, NzU=, 90
76, NzY=, 94
77, Nzc=, 104
78, Nzg=, 108
79, Nzk=, 112
80, ODA=, 17
81, ODE=, 21
82, ODI=, 25
83, ODM=, 29
84, ODQ=, 33
85, ODU=, 37
86, ODY=, 41
87, ODc=, 51
88, ODg=, 55
89, ODk=, 59
90, OTA=, 33
91, OTE=, 37
92, OTI=, 41
93, OTM=, 45
94, OTQ=, 49
95, OTU=, 53
96, OTY=, 57
97, OTc=, 67
98, OTg=, 71
99, OTk=, 75
100, MTAw, 89
101, MTAx, 90
102, MTAy, 91
103, MTAz, 92
104, MTA0, 18
105, MTA1, 19
106, MTA2, 20
107, MTA3, 21
108, MTA4, 22
109, MTA5, 23
110, MTEw, 93
111, MTEx, 94
112, MTEy, 95
113, MTEz, 96
114, MTE0, 22
115, MTE1, 23
116, MTE2, 24
117, MTE3, 25
118, MTE4, 26
119, MTE5, 27
120, MTIw, 97
121, MTIx, 98
122, MTIy, 99
123, MTIz, 100
124, MTI0, 26
125, MTI1, 27
126, MTI2, 28
127, MTI3, 29
128, MTI4, 30
129, MTI5, 31
130, MTMw, 101
131, MTMx, 102
132, MTMy, 103
133, MTMz, 104
134, MTM0, 30
135, MTM1, 31
136, MTM2, 32
137, MTM3, 33
138, MTM4, 34
139, MTM5, 35
140, MTQw, 105
141, MTQx, 106
142, MTQy, 107
143, MTQz, 108
144, MTQ0, 34
145, MTQ1, 35
146, MTQ2, 36
147, MTQ3, 37
148, MTQ4, 38
149, MTQ5, 39
150, MTUw, 109
151, MTUx, 110
152, MTUy, 111
153, MTUz, 112
154, MTU0, 38
155, MTU1, 39
156, MTU2, 40
157, MTU3, 41
158, MTU4, 42
159, MTU5, 43
160, MTYw, 113
161, MTYx, 114
162, MTYy, 115
163, MTYz, 116
164, MTY0, 42
165, MTY1, 43
166, MTY2, 44
167, MTY3, 45
168, MTY4, 46
169, MTY5, 47
170, MTcw, 123
171, MTcx, 124
172, MTcy, 125
173, MTcz, 126
174, MTc0, 52
175, MTc1, 53
176, MTc2, 54
177, MTc3, 55
178, MTc4, 56
179, MTc5, 57
180, MTgw, 127
181, MTgx, 128
182, MTgy, 129
183, MTgz, 130
184, MTg0, 56
185, MTg1, 57
186, MTg2, 58
187, MTg3, 59
188, MTg4, 60
189, MTg5, 61
190, MTkw, 131
191, MTkx, 132
192, MTky, 133
193, MTkz, 134
194, MTk0, 60
195, MTk1, 61
196, MTk2, 62
197, MTk3, 63
198, MTk4, 64
199, MTk5, 65
a, YQ==, 36
b, Yg==, 58
c, Yw==, 74
d, ZA==, 21
e, ZQ==, 37
f, Zg==, 59
g, Zw==, 75
h, aA==, 28
i, aQ==, 44
j, ag==, 66
k, aw==, 82
l, bA==, 29
m, bQ==, 45
n, bg==, 67
o, bw==, 83
p, cA==, 30
q, cQ==, 46
r, cg==, 68
s, cw==, 84
t, dA==, 31
u, dQ==, 47
v, dg==, 69
w, dw==, 85
x, eA==, 32
y, eQ==, 48
z, eg==, 70
A, QQ==, 28
B, Qg==, 50
C, Qw==, 66
D, RA==, 13
E, RQ==, 29
F, Rg==, 51
G, Rw==, 67
H, SA==, 14
I, SQ==, 30
J, Sg==, 52
K, Sw==, 68
L, TA==, 15
M, TQ==, 31
N, Tg==, 53
O, Tw==, 69
P, UA==, 16
Q, UQ==, 32
R, Ug==, 54
S, Uw==, 70
T, VA==, 17
U, VQ==, 33
V, Vg==, 55
W, Vw==, 71
X, WA==, 18
Y, WQ==, 34
Z, Wg==, 56
aa, YWE=, 50
ab, YWI=, 54
ac, YWM=, 58
ad, YWQ=, 62
ae, YWU=, 66
af, YWY=, 70
ag, YWc=, 80
ah, YWg=, 84
ai, YWk=, 88
aj, YWo=, 92
ak, YWs=, 96
al, YWw=, 100
am, YW0=, 29
an, YW4=, 33
ao, YW8=, 37
ap, YXA=, 47
aq, YXE=, 51
ar, YXI=, 55
as, YXM=, 59
at, YXQ=, 63
au, YXU=, 67
av, YXY=, 71
aw, YXc=, 81
ax, YXg=, 85
ay, YXk=, 89
az, YXo=, 93
ba, YmE=, 72
bb, YmI=, 76
bc, YmM=, 80
bd, YmQ=, 84
be, YmU=, 88
bf, YmY=, 92
bg, Ymc=, 102
bh, Ymg=, 106
bi, Ymk=, 110
bj, Ymo=, 114
bk, Yms=, 118
bl, Ymw=, 122
bm, Ym0=, 51
bn, Ym4=, 55
bo, Ym8=, 59
bp, YnA=, 69
bq, YnE=, 73
br, YnI=, 77
bs, YnM=, 81
bt, YnQ=, 85
bu, YnU=, 89
bv, YnY=, 93
bw, Ync=, 103
bx, Yng=, 107
by, Ynk=, 111
bz, Yno=, 115
ca, Y2E=, 13
cb, Y2I=, 17
cc, Y2M=, 21
cd, Y2Q=, 25
ce, Y2U=, 29
cf, Y2Y=, 33
cg, Y2c=, 43
ch, Y2g=, 47
ci, Y2k=, 51
cj, Y2o=, 55
ck, Y2s=, 59
cl, Y2w=, 63
cm, Y20=, 248
cn, Y24=, 252
co, Y28=, 0
cp, Y3A=, 10
cq, Y3E=, 14
cr, Y3I=, 18
cs, Y3M=, 22
ct, Y3Q=, 26
cu, Y3U=, 30
cv, Y3Y=, 34
cw, Y3c=, 44
cx, Y3g=, 48
cy, Y3k=, 52
cz, Y3o=, 56
apple, YXBwbGU=, 165
banana, YmFuYW5h, 206
cell, Y2VsbA==, 113
diamond, ZGlhbW9uZA==, 241
elephant, ZWxlcGhhbnQ=, 109
fireman, ZmlyZW1hbg==, 57
ghost, Z2hvc3Q=, 142
hyper, aHlwZXI=, 196
igloo, aWdsb28=, 152
jaw, amF3, 71
Actor, QWN0b3I=, 65
Advertisement, QWR2ZXJ0aXNlbWVudA==, 110
Afternoon, QWZ0ZXJub29u, 229
Airport, QWlycG9ydA==, 8
Ambulance, QW1idWxhbmNl, 102
Animal, QW5pbWFs, 191
Answer, QW5zd2Vy, 188
Apple, QXBwbGU=, 157
Army, QXJteQ==, 151
Australia, QXVzdHJhbGlh, 84
Balloon, QmFsbG9vbg==, 18
Banana, QmFuYW5h, 198
Battery, QmF0dGVyeQ==, 222
Beach, QmVhY2g=, 171
Beard, QmVhcmQ=, 218
Bed, QmVk, 127
Belgium, QmVsZ2l1bQ==, 221
Boy, Qm95, 44
Branch, QnJhbmNo, 253
Breakfast, QnJlYWtmYXN0, 53
Brother, QnJvdGhlcg==, 66
Camera, Q2FtZXJh, 161
Candle, Q2FuZGxl, 195
Car, Q2Fy, 66
Caravan, Q2FyYXZhbg==, 248
Carpet, Q2FycGV0, 114
Cartoon, Q2FydG9vbg==, 223
China, Q2hpbmE=, 172
Church, Q2h1cmNo, 169
Crayon, Q3JheW9u, 160
Crowd, Q3Jvd2Q=, 104
Daughter, RGF1Z2h0ZXI=, 108
Death, RGVhdGg=, 166
Denmark, RGVubWFyaw==, 46
Diamond, RGlhbW9uZA==, 233
Dinner, RGlubmVy, 24
Disease, RGlzZWFzZQ==, 21
Doctor, RG9jdG9y, 153
Dog, RG9n, 64
Dream, RHJlYW0=, 109
Dress, RHJlc3M=, 112
Easter, RWFzdGVy, 227
Egg, RWdn, 123
Eggplant, RWdncGxhbnQ=, 99
Egypt, RWd5cHQ=, 123
Elephant, RWxlcGhhbnQ=, 101
Energy, RW5lcmd5, 179
Engine, RW5naW5l, 165
England, RW5nbGFuZA==, 197
Evening, RXZlbmluZw==, 107
Eye, RXll, 130
Family, RmFtaWx5, 222
Finland, RmlubGFuZA==, 25
Fish, RmlzaA==, 193
Flag, RmxhZw==, 234
Flower, Rmxvd2Vy, 18
Football, Rm9vdGJhbGw=, 40
Forest, Rm9yZXN0, 161
Fountain, Rm91bnRhaW4=, 220
France, RnJhbmNl, 251
Furniture, RnVybml0dXJl, 108
Garage, R2FyYWdl, 195
Gold, R29sZA==, 69
Grass, R3Jhc3M=, 87
Greece, R3JlZWNl, 166
Guitar, R3VpdGFy, 181
Hair, SGFpcg==, 148
Hamburger, SGFtYnVyZ2Vy, 69
Helicopter, SGVsaWNvcHRlcg==, 140
Helmet, SGVsbWV0, 162
Holiday, SG9saWRheQ==, 232
Honey, SG9uZXk=, 162
Horse, SG9yc2U=, 115
Hospital, SG9zcGl0YWw=, 247
House, SG91c2U=, 43
Hydrogen, SHlkcm9nZW4=, 11
Ice, SWNl, 100
Insect, SW5zZWN0, 136
Insurance, SW5zdXJhbmNl, 80
Iron, SXJvbg==, 174
Island, SXNsYW5k, 188
Jackal, SmFja2Fs, 188
Jelly, SmVsbHk=, 219
Jewellery, SmV3ZWxsZXJ5, 22
Jordan, Sm9yZGFu, 206
Juice, SnVpY2U=, 164
Kangaroo, S2FuZ2Fyb28=, 148
King, S2luZw==, 177
Kitchen, S2l0Y2hlbg==, 195
Kite, S2l0ZQ==, 70
Knife, S25pZmU=, 131
Lamp, TGFtcA==, 115
Lawyer, TGF3eWVy, 159
Leather, TGVhdGhlcg==, 28
Library, TGlicmFyeQ==, 47
Lighter, TGlnaHRlcg==, 32
Lion, TGlvbg==, 192
Lizard, TGl6YXJk, 163
Lock, TG9jaw==, 144
London, TG9uZG9u, 152
Lunch, THVuY2g=, 150
Machine, TWFjaGluZQ==, 9
Magazine, TWFnYXppbmU=, 81
Magician, TWFnaWNpYW4=, 246
Manchester, TWFuY2hlc3Rlcg==, 93
Market, TWFya2V0, 131
Match, TWF0Y2g=, 80
Microphone, TWljcm9waG9uZQ==, 124
Monkey, TW9ua2V5, 119
Morning, TW9ybmluZw==, 88
Motorcycle, TW90b3JjeWNsZQ==, 255
Nail, TmFpbA==, 148
Napkin, TmFwa2lu, 242
Needle, TmVlZGxl, 8
Nest, TmVzdA==, 176
Nigeria, TmlnZXJpYQ==, 43
Night, TmlnaHQ=, 210
Notebook, Tm90ZWJvb2s=, 223
Ocean, T2NlYW4=, 97
Oil, T2ls, 101
Orange, T3Jhbmdl, 216
Oxygen, T3h5Z2Vu, 123
Oyster, T3lzdGVy, 231
Ghost, R2hvc3Q=, 134
Painting, UGFpbnRpbmc=, 83
Parrot, UGFycm90, 148
Pencil, UGVuY2ls, 209
Piano, UGlhbm8=, 180
Pillow, UGlsbG93, 144
Pizza, UGl6emE=, 146
Planet, UGxhbmV0, 209
Plastic, UGxhc3RpYw==, 30
Portugal, UG9ydHVnYWw=, 34
Potato, UG90YXRv, 126
Queen, UXVlZW4=, 145
Quill, UXVpbGw=, 208
Rain, UmFpbg==, 187
Rainbow, UmFpbmJvdw==, 92
Raincoat, UmFpbmNvYXQ=, 74
Refrigerator, UmVmcmlnZXJhdG9y, 240
Restaurant, UmVzdGF1cmFudA==, 94
River, Uml2ZXI=, 152
Rocket, Um9ja2V0, 126
Room, Um9vbQ==, 158
Rose, Um9zZQ==, 154
Russia, UnVzc2lh, 252
Sandwich, U2FuZHdpY2g=, 231
School, U2Nob29s, 132
Scooter, U2Nvb3Rlcg==, 226
Shampoo, U2hhbXBvbw==, 28
Shoe, U2hvZQ==, 138
Soccer, U29jY2Vy, 132
Spoon, U3Bvb24=, 69
Stone, U3RvbmU=, 177
Sugar, U3VnYXI=, 131
Sweden, U3dlZGVu, 196
Teacher, VGVhY2hlcg==, 254
Telephone, VGVsZXBob25l, 254
Television, VGVsZXZpc2lvbg==, 156
Tent, VGVudA==, 135
Thailand, VGhhaWxhbmQ=, 98
Tomato, VG9tYXRv, 195
Toothbrush, VG9vdGhicnVzaA==, 133
Traffic, VHJhZmZpYw==, 43
Train, VHJhaW4=, 121
Truck, VHJ1Y2s=, 84
Uganda, VWdhbmRh, 2
Umbrella, VW1icmVsbGE=, 11
Van, VmFu, 126
Vase, VmFzZQ==, 168
Vegetable, VmVnZXRhYmxl, 157
Vulture, VnVsdHVyZQ==, 45
Wall, V2FsbA==, 94
Whale, V2hhbGU=, 147
Window, V2luZG93, 118
Wire, V2lyZQ==, 146
Xylophone, WHlsb3Bob25l, 249
Yacht, WWFjaHQ=, 149
Yak, WWFr, 102
Zebra, WmVicmE=, 213
Zoo, Wm9v, 115
Garden, R2FyZGVu, 175
Gas, R2Fz, 68
Girl, R2lybA==, 134
Glass, R2xhc3M=, 132
a, YQ==, 36
abandon, YWJhbmRvbg==, 60
ability, YWJpbGl0eQ==, 223
able, YWJsZQ==, 146
abortion, YWJvcnRpb24=, 8
about, YWJvdXQ=, 186
above, YWJvdmU=, 211
abroad, YWJyb2Fk, 184
absence, YWJzZW5jZQ==, 233
absolute, YWJzb2x1dGU=, 238
absolutely, YWJzb2x1dGVseQ==, 85
absorb, YWJzb3Ji, 188
abuse, YWJ1c2U=, 82
academic, YWNhZGVtaWM=, 19
accept, YWNjZXB0, 140
access, YWNjZXNz, 226
accident, YWNjaWRlbnQ=, 60
accompany, YWNjb21wYW55, 190
accomplish, YWNjb21wbGlzaA==, 79
according, YWNjb3JkaW5n, 13
account, YWNjb3VudA==, 231
accurate, YWNjdXJhdGU=, 19
accuse, YWNjdXNl, 222
achieve, YWNoaWV2ZQ==, 210
achievement, YWNoaWV2ZW1lbnQ=, 89
acid, YWNpZA==, 131
acknowledge, YWNrbm93bGVkZ2U=, 51
acquire, YWNxdWlyZQ==, 59
across, YWNyb3Nz, 212
act, YWN0, 46
action, YWN0aW9u, 148
active, YWN0aXZl, 173
activist, YWN0aXZpc3Q=, 213
activity, YWN0aXZpdHk=, 5
actor, YWN0b3I=, 73
actress, YWN0cmVzcw==, 34
actual, YWN0dWFs, 162
actually, YWN0dWFsbHk=, 244
ad, YWQ=, 62
adapt, YWRhcHQ=, 163
add, YWRk, 109
addition, YWRkaXRpb24=, 237
additional, YWRkaXRpb25hbA==, 54
address, YWRkcmVzcw==, 97
adequate, YWRlcXVhdGU=, 36
adjust, YWRqdXN0, 173
adjustment, YWRqdXN0bWVudA==, 80
administration, YWRtaW5pc3RyYXRpb24=, 172
administrator, YWRtaW5pc3RyYXRvcg==, 241
admire, YWRtaXJl, 229
admission, YWRtaXNzaW9u, 93
admit, YWRtaXQ=, 189
adolescent, YWRvbGVzY2VudA==, 102
adopt, YWRvcHQ=, 177
adult, YWR1bHQ=, 107
advance, YWR2YW5jZQ==, 168
advanced, YWR2YW5jZWQ=, 194
advantage, YWR2YW50YWdl, 201
adventure, YWR2ZW50dXJl, 188
advertising, YWR2ZXJ0aXNpbmc=, 70
advice, YWR2aWNl, 166
advise, YWR2aXNl, 167
adviser, YWR2aXNlcg==, 235
advocate, YWR2b2NhdGU=, 187
affair, YWZmYWly, 12
affect, YWZmZWN0, 166
afford, YWZmb3Jk, 193
afraid, YWZyYWlk, 10
African, QWZyaWNhbg==, 44
African-American, QWZyaWNhbi1BbWVyaWNhbg==, 96
after, YWZ0ZXI=, 114
afternoon, YWZ0ZXJub29u, 237
again, YWdhaW4=, 165
against, YWdhaW5zdA==, 2
age, YWdl, 128
agency, YWdlbmN5, 210
agenda, YWdlbmRh, 9
agent, YWdlbnQ=, 222
aggressive, YWdncmVzc2l2ZQ==, 122
ago, YWdv, 138
agree, YWdyZWU=, 208
agreement, YWdyZWVtZW50, 30
agricultural, YWdyaWN1bHR1cmFs, 122
ah, YWg=, 84
ahead, YWhlYWQ=, 194
aid, YWlk, 135
aide, YWlkZQ==, 172
AIDS, QUlEUw==, 157
aim, YWlt, 144
air, YWly, 149
aircraft, YWlyY3JhZnQ=, 41
airline, YWlybGluZQ==, 68
airport, YWlycG9ydA==, 16
album, YWxidW0=, 185
alcohol, YWxjb2hvbA==, 33
alive, YWxpdmU=, 251
all, YWxs, 155
alliance, YWxsaWFuY2U=, 43
allow, YWxsb3c=, 208
ally, YWxseQ==, 203
almost, YWxtb3N0, 175
alone, YWxvbmU=, 255
along, YWxvbmc=, 13
already, YWxyZWFkeQ==, 51
also, YWxzbw==, 245
alter, YWx0ZXI=, 144
alternative, YWx0ZXJuYXRpdmU=, 159
although, YWx0aG91Z2g=, 154
always, YWx3YXlz, 242
AM, QU0=, 19
amazing, YW1hemluZw==, 71
American, QW1lcmljYW4=, 12
among, YW1vbmc=, 198
amount, YW1vdW50, 119
analysis, YW5hbHlzaXM=, 32
analyst, YW5hbHlzdA==, 252
analyze, YW5hbHl6ZQ==, 190
ancient, YW5jaWVudA==, 241
and, YW5k, 80
anger, YW5nZXI=, 139
angle, YW5nbGU=, 142
angry, YW5ncnk=, 204
animal, YW5pbWFs, 199
anniversary, YW5uaXZlcnNhcnk=, 217
announce, YW5ub3VuY2U=, 215
annual, YW5udWFs, 206
another, YW5vdGhlcg==, 30
answer, YW5zd2Vy, 196
anticipate, YW50aWNpcGF0ZQ==, 208
anxiety, YW54aWV0eQ==, 135
any, YW55, 26
anybody, YW55Ym9keQ==, 180
anymore, YW55bW9yZQ==, 170
anyone, YW55b25l, 79
anything, YW55dGhpbmc=, 12
anyway, YW55d2F5, 43
anywhere, YW55d2hlcmU=, 230
apart, YXBhcnQ=, 186
apartment, YXBhcnRtZW50, 8
apparent, YXBwYXJlbnQ=, 47
apparently, YXBwYXJlbnRseQ==, 150
appeal, YXBwZWFs, 212
appear, YXBwZWFy, 218
appearance, YXBwZWFyYW5jZQ==, 78
apple, YXBwbGU=, 165
application, YXBwbGljYXRpb24=, 97
apply, YXBwbHk=, 188
appoint, YXBwb2ludA==, 254
appointment, YXBwb2ludG1lbnQ=, 133
appreciate, YXBwcmVjaWF0ZQ==, 77
approach, YXBwcm9hY2g=, 10
appropriate, YXBwcm9wcmlhdGU=, 203
approval, YXBwcm92YWw=, 9
approve, YXBwcm92ZQ==, 202
approximately, YXBwcm94aW1hdGVseQ==, 156
Arab, QXJhYg==, 149
architect, YXJjaGl0ZWN0, 216
area, YXJlYQ==, 139
argue, YXJndWU=, 182
argument, YXJndW1lbnQ=, 31
arise, YXJpc2U=, 146
arm, YXJt, 111
armed, YXJtZWQ=, 174
army, YXJteQ==, 159
around, YXJvdW5k, 204
arrange, YXJyYW5nZQ==, 236
arrangement, YXJyYW5nZW1lbnQ=, 115
arrest, YXJyZXN0, 164
arrival, YXJyaXZhbA==, 12
arrive, YXJyaXZl, 243
art, YXJ0, 43
article, YXJ0aWNsZQ==, 201
artist, YXJ0aXN0, 98
artistic, YXJ0aXN0aWM=, 164
as, YXM=, 59
Asian, QXNpYW4=, 136
aside, YXNpZGU=, 162
ask, YXNr, 113
asleep, YXNsZWVw, 240
aspect, YXNwZWN0, 165
assault, YXNzYXVsdA==, 18
assert, YXNzZXJ0, 165
assess, YXNzZXNz, 243
assessment, YXNzZXNzbWVudA==, 150
asset, YXNzZXQ=, 185
assign, YXNzaWdu, 10
assignment, YXNzaWdubWVudA==, 173
assist, YXNzaXN0, 176
assistance, YXNzaXN0YW5jZQ==, 36
assistant, YXNzaXN0YW50, 197
associate, YXNzb2NpYXRl, 58
association, YXNzb2NpYXRpb24=, 67
assume, YXNzdW1l, 209
assumption, YXNzdW1wdGlvbg==, 172
assure, YXNzdXJl, 235
at, YXQ=, 63
athlete, YXRobGV0ZQ==, 198
athletic, YXRobGV0aWM=, 227
atmosphere, YXRtb3NwaGVyZQ==, 109
attach, YXR0YWNo, 160
attack, YXR0YWNr, 163
attempt, YXR0ZW1wdA==, 171
attend, YXR0ZW5k, 132
attention, YXR0ZW50aW9u, 175
attitude, YXR0aXR1ZGU=, 162
attorney, YXR0b3JuZXk=, 225
attract, YXR0cmFjdA==, 210
attractive, YXR0cmFjdGl2ZQ==, 33
attribute, YXR0cmlidXRl, 82
audience, YXVkaWVuY2U=, 18
author, YXV0aG9y, 145
authority, YXV0aG9yaXR5, 209
auto, YXV0bw==, 138
available, YXZhaWxhYmxl, 181
average, YXZlcmFnZQ==, 32
avoid, YXZvaWQ=, 199
award, YXdhcmQ=, 219
aware, YXdhcmU=, 223
awareness, YXdhcmVuZXNz, 146
away, YXdheQ==, 173
awful, YXdmdWw=, 241
baby, YmFieQ==, 165
back, YmFjaw==, 200
background, YmFja2dyb3VuZA==, 91
bad, YmFk, 119
badly, YmFkbHk=, 201
bag, YmFn, 122
bake, YmFrZQ==, 163
balance, YmFsYW5jZQ==, 243
ball, YmFsbA==, 156
ban, YmFu, 129
band, YmFuZA==, 150
bank, YmFuaw==, 211
bar, YmFy, 133
barely, YmFyZWx5, 227
barrel, YmFycmVs, 30
barrier, YmFycmllcg==, 113
base, YmFzZQ==, 171
baseball, YmFzZWJhbGw=, 70
basic, YmFzaWM=, 200
basically, YmFzaWNhbGx5, 74
basis, YmFzaXM=, 201
basket, YmFza2V0, 159
basketball, YmFza2V0YmFsbA==, 59
bathroom, YmF0aHJvb20=, 166
battery, YmF0dGVyeQ==, 230
battle, YmF0dGxl, 203
be, YmU=, 88
beach, YmVhY2g=, 179
bean, YmVhbg==, 199
bear, YmVhcg==, 200
beat, YmVhdA==, 163
beautiful, YmVhdXRpZnVs, 147
beauty, YmVhdXR5, 199
because, YmVjYXVzZQ==, 44
become, YmVjb21l, 183
bed, YmVk, 135
bedroom, YmVkcm9vbQ==, 51
beer, YmVlcg==, 204
before, YmVmb3Jl, 212
begin, YmVnaW4=, 179
beginning, YmVnaW5uaW5n, 71
behavior, YmVoYXZpb3I=, 33
behind, YmVoaW5k, 227
being, YmVpbmc=, 251
belief, YmVsaWVm, 10
believe, YmVsaWV2ZQ==, 244
bell, YmVsbA==, 172
belong, YmVsb25n, 198
below, YmVsb3c=, 196
belt, YmVsdA==, 174
bench, YmVuY2g=, 192
bend, YmVuZA==, 166
beneath, YmVuZWF0aA==, 212
benefit, YmVuZWZpdA==, 43
beside, YmVzaWRl, 12
besides, YmVzaWRlcw==, 96
best, YmVzdA==, 181
bet, YmV0, 76
better, YmV0dGVy, 198
between, YmV0d2Vlbg==, 231
beyond, YmV5b25k, 133
Bible, QmlibGU=, 206
big, Ymln, 160
bike, YmlrZQ==, 201
bill, YmlsbA==, 194
billion, YmlsbGlvbg==, 115
bind, YmluZA==, 188
biological, YmlvbG9naWNhbA==, 131
bird, YmlyZA==, 192
birth, YmlydGg=, 250
birthday, YmlydGhkYXk=, 130
bit, Yml0, 98
bite, Yml0ZQ==, 135
black, YmxhY2s=, 225
blade, YmxhZGU=, 217
blame, YmxhbWU=, 241
blanket, YmxhbmtldA==, 116
blind, YmxpbmQ=, 11
block, YmxvY2s=, 239
blood, Ymxvb2Q=, 214
blow, Ymxvdw==, 9
blue, Ymx1ZQ==, 148
board, Ym9hcmQ=, 197
boat, Ym9hdA==, 134
body, Ym9keQ==, 154
bomb, Ym9tYg==, 173
bombing, Ym9tYmluZw==, 101
bond, Ym9uZA==, 137
bone, Ym9uZQ==, 153
book, Ym9vaw==, 199
boom, Ym9vbQ==, 162
boot, Ym9vdA==, 148
border, Ym9yZGVy, 232
born, Ym9ybg==, 187
borrow, Ym9ycm93, 180
boss, Ym9zcw==, 205
both, Ym90aA==, 75
bother, Ym90aGVy, 166
bottle, Ym90dGxl, 190
bottom, Ym90dG9t, 135
boundary, Ym91bmRhcnk=, 50
bowl, Ym93bA==, 79
box, Ym94, 51
boy, Ym95, 52
boyfriend, Ym95ZnJpZW5k, 7
brain, YnJhaW4=, 162
branch, YnJhbmNo, 5
brand, YnJhbmQ=, 214
bread, YnJlYWQ=, 187
break, YnJlYWs=, 221
breakfast, YnJlYWtmYXN0, 61
breast, YnJlYXN0, 172
breath, YnJlYXRo, 239
breathe, YnJlYXRoZQ==, 20
brick, YnJpY2s=, 188
bridge, YnJpZGdl, 242
brief, YnJpZWY=, 200
briefly, YnJpZWZseQ==, 47
bright, YnJpZ2h0, 165
brilliant, YnJpbGxpYW50, 39
bring, YnJpbmc=, 240
British, QnJpdGlzaA==, 38
broad, YnJvYWQ=, 197
broken, YnJva2Vu, 229
brother, YnJvdGhlcg==, 74
brown, YnJvd24=, 142
brush, YnJ1c2g=, 123
buck, YnVjaw==, 217
budget, YnVkZ2V0, 154
build, YnVpbGQ=, 196
building, YnVpbGRpbmc=, 103
bullet, YnVsbGV0, 191
bunch, YnVuY2g=, 193
burden, YnVyZGVu, 2
burn, YnVybg==, 217
bury, YnVyeQ==, 198
bus, YnVz, 151
business, YnVzaW5lc3M=, 16
busy, YnVzeQ==, 199
but, YnV0, 77
butter, YnV0dGVy, 199
button, YnV0dG9u, 166
buy, YnV5, 82
buyer, YnV5ZXI=, 138
by, Ynk=, 111
cabin, Y2FiaW4=, 99
cabinet, Y2FiaW5ldA==, 178
cable, Y2FibGU=, 117
cake, Y2FrZQ==, 104
calculate, Y2FsY3VsYXRl, 8
call, Y2FsbA==, 97
camera, Y2FtZXJh, 169
camp, Y2FtcA==, 99
campaign, Y2FtcGFpZ24=, 162
campus, Y2FtcHVz, 192
can, Y2Fu, 70
Canadian, Q2FuYWRpYW4=, 209
cancer, Y2FuY2Vy, 160
candidate, Y2FuZGlkYXRl, 45
cap, Y2Fw, 72
capability, Y2FwYWJpbGl0eQ==, 39
capable, Y2FwYWJsZQ==, 218
capacity, Y2FwYWNpdHk=, 10
capital, Y2FwaXRhbA==, 216
captain, Y2FwdGFpbg==, 236
capture, Y2FwdHVyZQ==, 232
car, Y2Fy, 74
carbon, Y2FyYm9u, 190
card, Y2FyZA==, 95
care, Y2FyZQ==, 111
career, Y2FyZWVy, 202
careful, Y2FyZWZ1bA==, 163
carefully, Y2FyZWZ1bGx5, 220
carrier, Y2Fycmllcg==, 54
carry, Y2Fycnk=, 195
case, Y2FzZQ==, 112
cash, Y2FzaA==, 103
cast, Y2FzdA==, 106
cat, Y2F0, 1
catch, Y2F0Y2g=, 48
category, Y2F0ZWdvcnk=, 5
Catholic, Q2F0aG9saWM=, 143
cause, Y2F1c2U=, 41
ceiling, Y2VpbGluZw==, 38
celebrate, Y2VsZWJyYXRl, 55
celebration, Y2VsZWJyYXRpb24=, 64
celebrity, Y2VsZWJyaXR5, 8
cell, Y2VsbA==, 113
center, Y2VudGVy, 208
central, Y2VudHJhbA==, 209
century, Y2VudHVyeQ==, 1
CEO, Q0VP, 39
ceremony, Y2VyZW1vbnk=, 42
certain, Y2VydGFpbg==, 254
certainly, Y2VydGFpbmx5, 55
chain, Y2hhaW4=, 132
chair, Y2hhaXI=, 154
chairman, Y2hhaXJtYW4=, 243
challenge, Y2hhbGxlbmdl, 135
chamber, Y2hhbWJlcg==, 14
champion, Y2hhbXBpb24=, 204
championship, Y2hhbXBpb25zaGlw, 149
chance, Y2hhbmNl, 228
change, Y2hhbmdl, 250
changing, Y2hhbmdpbmc=, 109
channel, Y2hhbm5lbA==, 232
chapter, Y2hhcHRlcg==, 8
character, Y2hhcmFjdGVy, 85
characteristic, Y2hhcmFjdGVyaXN0aWM=, 206
characterize, Y2hhcmFjdGVyaXpl, 234
charge, Y2hhcmdl, 251
charity, Y2hhcml0eQ==, 247
chart, Y2hhcnQ=, 186
chase, Y2hhc2U=, 130
cheap, Y2hlYXA=, 142
check, Y2hlY2s=, 154
cheek, Y2hlZWs=, 192
cheese, Y2hlZXNl, 203
chef, Y2hlZg==, 154
chemical, Y2hlbWljYWw=, 82
chest, Y2hlc3Q=, 131
chicken, Y2hpY2tlbg==, 17
chief, Y2hpZWY=, 170
child, Y2hpbGQ=, 154
childhood, Y2hpbGRob29k, 5
Chinese, Q2hpbmVzZQ==, 31
chip, Y2hpcA==, 129
chocolate, Y2hvY29sYXRl, 15
choice, Y2hvaWNl, 219
cholesterol, Y2hvbGVzdGVyb2w=, 164
choose, Y2hvb3Nl, 184
Christian, Q2hyaXN0aWFu, 14
Christmas, Q2hyaXN0bWFz, 20
church, Y2h1cmNo, 177
cigarette, Y2lnYXJldHRl, 54
circle, Y2lyY2xl, 223
circumstance, Y2lyY3Vtc3RhbmNl, 159
cite, Y2l0ZQ==, 76
citizen, Y2l0aXplbg==, 255
city, Y2l0eQ==, 87
civil, Y2l2aWw=, 149
civilian, Y2l2aWxpYW4=, 234
claim, Y2xhaW0=, 144
class, Y2xhc3M=, 139
classic, Y2xhc3NpYw==, 9
classroom, Y2xhc3Nyb29t, 9
clean, Y2xlYW4=, 144
clear, Y2xlYXI=, 166
clearly, Y2xlYXJseQ==, 13
client, Y2xpZW50, 137
climate, Y2xpbWF0ZQ==, 199
climb, Y2xpbWI=, 178
clinic, Y2xpbmlj, 24
clinical, Y2xpbmljYWw=, 124
clock, Y2xvY2s=, 180
close, Y2xvc2U=, 160
closely, Y2xvc2VseQ==, 7
closer, Y2xvc2Vy, 221
clothes, Y2xvdGhlcw==, 76
clothing, Y2xvdGhpbmc=, 107
cloud, Y2xvdWQ=, 194
club, Y2x1Yg==, 110
clue, Y2x1ZQ==, 89
cluster, Y2x1c3Rlcg==, 204
coach, Y29hY2g=, 91
coal, Y29hbA==, 73
coalition, Y29hbGl0aW9u, 215
coast, Y29hc3Q=, 80
coat, Y29hdA==, 75
code, Y29kZQ==, 84
coffee, Y29mZmVl, 186
cognitive, Y29nbml0aXZl, 28
cold, Y29sZA==, 76
collapse, Y29sbGFwc2U=, 196
colleague, Y29sbGVhZ3Vl, 237
collect, Y29sbGVjdA==, 191
collection, Y29sbGVjdGlvbg==, 112
collective, Y29sbGVjdGl2ZQ==, 14
college, Y29sbGVnZQ==, 201
colonial, Y29sb25pYWw=, 212
color, Y29sb3I=, 82
column, Y29sdW1u, 152
combination, Y29tYmluYXRpb24=, 87
combine, Y29tYmluZQ==, 4
come, Y29tZQ==, 93
comedy, Y29tZWR5, 112
comfort, Y29tZm9ydA==, 208
comfortable, Y29tZm9ydGFibGU=, 70
command, Y29tbWFuZA==, 193
commander, Y29tbWFuZGVy, 28
comment, Y29tbWVudA==, 219
commercial, Y29tbWVyY2lhbA==, 60
commission, Y29tbWlzc2lvbg==, 145
commit, Y29tbWl0, 141
commitment, Y29tbWl0bWVudA==, 48
committee, Y29tbWl0dGVl, 250
common, Y29tbW9u, 159
communicate, Y29tbXVuaWNhdGU=, 104
communication, Y29tbXVuaWNhdGlvbg==, 251
community, Y29tbXVuaXR5, 253
company, Y29tcGFueQ==, 205
compare, Y29tcGFyZQ==, 198
comparison, Y29tcGFyaXNvbg==, 97
compete, Y29tcGV0ZQ==, 141
competition, Y29tcGV0aXRpb24=, 232
competitive, Y29tcGV0aXRpdmU=, 70
competitor, Y29tcGV0aXRvcg==, 45
complain, Y29tcGxhaW4=, 235
complaint, Y29tcGxhaW50, 223
complete, Y29tcGxldGU=, 3
completely, Y29tcGxldGVseQ==, 106
complex, Y29tcGxleA==, 230
complicated, Y29tcGxpY2F0ZWQ=, 10
component, Y29tcG9uZW50, 166
compose, Y29tcG9zZQ==, 186
composition, Y29tcG9zaXRpb24=, 21
comprehensive, Y29tcHJlaGVuc2l2ZQ==, 100
computer, Y29tcHV0ZXI=, 161
concentrate, Y29uY2VudHJhdGU=, 42
concentration, Y29uY2VudHJhdGlvbg==, 189
concept, Y29uY2VwdA==, 176
concern, Y29uY2Vybg==, 214
concerned, Y29uY2VybmVk, 35
concert, Y29uY2VydA==, 178
conclude, Y29uY2x1ZGU=, 160
conclusion, Y29uY2x1c2lvbg==, 39
concrete, Y29uY3JldGU=, 184
condition, Y29uZGl0aW9u, 220
conduct, Y29uZHVjdA==, 186
conference, Y29uZmVyZW5jZQ==, 68
confidence, Y29uZmlkZW5jZQ==, 76
confident, Y29uZmlkZW50, 237
confirm, Y29uZmlybQ==, 18
conflict, Y29uZmxpY3Q=, 2
confront, Y29uZnJvbnQ=, 31
confusion, Y29uZnVzaW9u, 55
Congress, Q29uZ3Jlc3M=, 148
congressional, Y29uZ3Jlc3Npb25hbA==, 30
connect, Y29ubmVjdA==, 231
connection, Y29ubmVjdGlvbg==, 152
consciousness, Y29uc2Npb3VzbmVzcw==, 228
consensus, Y29uc2Vuc3Vz, 255
consequence, Y29uc2VxdWVuY2U=, 63
conservative, Y29uc2VydmF0aXZl, 99
consider, Y29uc2lkZXI=, 221
considerable, Y29uc2lkZXJhYmxl, 179
consideration, Y29uc2lkZXJhdGlvbg==, 217
consist, Y29uc2lzdA==, 211
consistent, Y29uc2lzdGVudA==, 73
constant, Y29uc3RhbnQ=, 231
constantly, Y29uc3RhbnRseQ==, 78
constitute, Y29uc3RpdHV0ZQ==, 232
constitutional, Y29uc3RpdHV0aW9uYWw=, 141
construct, Y29uc3RydWN0, 211
construction, Y29uc3RydWN0aW9u, 57
consultant, Y29uc3VsdGFudA==, 29
consume, Y29uc3VtZQ==, 190
consumer, Y29uc3VtZXI=, 209
consumption, Y29uc3VtcHRpb24=, 11
contact, Y29udGFjdA==, 179
contain, Y29udGFpbg==, 221
container, Y29udGFpbmVy, 56
contemporary, Y29udGVtcG9yYXJ5, 58
content, Y29udGVudA==, 206
contest, Y29udGVzdA==, 211
context, Y29udGV4dA==, 141
continue, Y29udGludWU=, 18
continued, Y29udGludWVk, 65
contract, Y29udHJhY3Q=, 177
contrast, Y29udHJhc3Q=, 187
contribute, Y29udHJpYnV0ZQ==, 17
contribution, Y29udHJpYnV0aW9u, 82
control, Y29udHJvbA==, 194
controversial, Y29udHJvdmVyc2lhbA==, 203
controversy, Y29udHJvdmVyc3k=, 131
convention, Y29udmVudGlvbg==, 165
conventional, Y29udmVudGlvbmFs, 234
conversation, Y29udmVyc2F0aW9u, 74
convert, Y29udmVydA==, 248
conviction, Y29udmljdGlvbg==, 176
convince, Y29udmluY2U=, 8
cook, Y29vaw==, 140
cookie, Y29va2ll, 165
cooking, Y29va2luZw==, 249
cool, Y29vbA==, 87
cooperation, Y29vcGVyYXRpb24=, 43
cop, Y29w, 59
cope, Y29wZQ==, 96
copy, Y29weQ==, 107
core, Y29yZQ==, 98
corn, Y29ybg==, 128
corner, Y29ybmVy, 219
corporate, Y29ycG9yYXRl, 8
corporation, Y29ycG9yYXRpb24=, 17
correct, Y29ycmVjdA==, 236
correspondent, Y29ycmVzcG9uZGVudA==, 192
cost, Y29zdA==, 93
cotton, Y290dG9u, 77
couch, Y291Y2g=, 36
could, Y291bGQ=, 44
council, Y291bmNpbA==, 159
counselor, Y291bnNlbG9y, 218
count, Y291bnQ=, 83
counter, Y291bnRlcg==, 199
country, Y291bnRyeQ==, 192
county, Y291bnR5, 76
couple, Y291cGxl, 131
courage, Y291cmFnZQ==, 158
course, Y291cnNl, 128
court, Y291cnQ=, 84
cousin, Y291c2lu, 107
cover, Y292ZXI=, 46
coverage, Y292ZXJhZ2U=, 120
cow, Y293, 247
crack, Y3JhY2s=, 121
craft, Y3JhZnQ=, 148
crash, Y3Jhc2g=, 119
crazy, Y3Jhenk=, 185
cream, Y3JlYW0=, 95
create, Y3JlYXRl, 177
creation, Y3JlYXRpb24=, 186
creative, Y3JlYXRpdmU=, 24
creature, Y3JlYXR1cmU=, 216
credit, Y3JlZGl0, 127
crew, Y3Jldw==, 151
crime, Y3JpbWU=, 145
criminal, Y3JpbWluYWw=, 68
crisis, Y3Jpc2lz, 193
criteria, Y3JpdGVyaWE=, 250
critic, Y3JpdGlj, 199
critical, Y3JpdGljYWw=, 43
criticism, Y3JpdGljaXNt, 66
criticize, Y3JpdGljaXpl, 92
crop, Y3JvcA==, 106
cross, Y3Jvc3M=, 108
crowd, Y3Jvd2Q=, 112
crucial, Y3J1Y2lhbA==, 131
cry, Y3J5, 11
cultural, Y3VsdHVyYWw=, 52
culture, Y3VsdHVyZQ==, 245
cup, Y3Vw, 89
curious, Y3VyaW91cw==, 209
current, Y3VycmVudA==, 21
currently, Y3VycmVudGx5, 78
curriculum, Y3VycmljdWx1bQ==, 146
custom, Y3VzdG9t, 180
customer, Y3VzdG9tZXI=, 236
cut, Y3V0, 18
cycle, Y3ljbGU=, 157
dad, ZGFk, 82
daily, ZGFpbHk=, 169
damage, ZGFtYWdl, 219
dance, ZGFuY2U=, 121
danger, ZGFuZ2Vy, 183
dangerous, ZGFuZ2Vyb3Vz, 28
dare, ZGFyZQ==, 133
dark, ZGFyaw==, 178
darkness, ZGFya25lc3M=, 180
data, ZGF0YQ==, 59
date, ZGF0ZQ==, 60
daughter, ZGF1Z2h0ZXI=, 116
day, ZGF5, 28
dead, ZGVhZA==, 116
deal, ZGVhbA==, 124
dealer, ZGVhbGVy, 215
dear, ZGVhcg==, 163
death, ZGVhdGg=, 174
debate, ZGViYXRl, 207
debt, ZGVidA==, 127
decade, ZGVjYWRl, 207
decide, ZGVjaWRl, 215
decision, ZGVjaXNpb24=, 221
deck, ZGVjaw==, 179
declare, ZGVjbGFyZQ==, 238
decline, ZGVjbGluZQ==, 16
decrease, ZGVjcmVhc2U=, 22
deep, ZGVlcA==, 129
deeply, ZGVlcGx5, 186
deer, ZGVlcg==, 167
defeat, ZGVmZWF0, 139
defend, ZGVmZW5k, 181
defendant, ZGVmZW5kYW50, 202
defense, ZGVmZW5zZQ==, 233
defensive, ZGVmZW5zaXZl, 67
deficit, ZGVmaWNpdA==, 249
define, ZGVmaW5l, 189
definitely, ZGVmaW5pdGVseQ==, 101
definition, ZGVmaW5pdGlvbg==, 145
degree, ZGVncmVl, 247
delay, ZGVsYXk=, 195
deliver, ZGVsaXZlcg==, 45
delivery, ZGVsaXZlcnk=, 98
demand, ZGVtYW5k, 187
democracy, ZGVtb2NyYWN5, 249
Democrat, RGVtb2NyYXQ=, 253
democratic, ZGVtb2NyYXRpYw==, 131
demonstrate, ZGVtb25zdHJhdGU=, 73
demonstration, ZGVtb25zdHJhdGlvbg==, 220
deny, ZGVueQ==, 156
department, ZGVwYXJ0bWVudA==, 60
depend, ZGVwZW5k, 191
dependent, ZGVwZW5kZW50, 213
depending, ZGVwZW5kaW5n, 26
depict, ZGVwaWN0, 164
depression, ZGVwcmVzc2lvbg==, 200
depth, ZGVwdGg=, 189
deputy, ZGVwdXR5, 177
derive, ZGVyaXZl, 239
describe, ZGVzY3JpYmU=, 15
description, ZGVzY3JpcHRpb24=, 41
desert, ZGVzZXJ0, 157
deserve, ZGVzZXJ2ZQ==, 196
design, ZGVzaWdu, 2
designer, ZGVzaWduZXI=, 58
desire, ZGVzaXJl, 224
desk, ZGVzaw==, 195
desperate, ZGVzcGVyYXRl, 89
despite, ZGVzcGl0ZQ==, 220
destroy, ZGVzdHJveQ==, 13
destruction, ZGVzdHJ1Y3Rpb24=, 235
detail, ZGV0YWls, 182
detailed, ZGV0YWlsZWQ=, 245
detect, ZGV0ZWN0, 86
determine, ZGV0ZXJtaW5l, 240
develop, ZGV2ZWxvcA==, 230
developing, ZGV2ZWxvcGluZw==, 158
development, ZGV2ZWxvcG1lbnQ=, 109
device, ZGV2aWNl, 155
devote, ZGV2b3Rl, 124
dialogue, ZGlhbG9ndWU=, 18
die, ZGll, 121
diet, ZGlldA==, 152
differ, ZGlmZmVy, 16
difference, ZGlmZmVyZW5jZQ==, 133
different, ZGlmZmVyZW50, 38
differently, ZGlmZmVyZW50bHk=, 120
difficult, ZGlmZmljdWx0, 122
difficulty, ZGlmZmljdWx0eQ==, 170
dig, ZGln, 123
digital, ZGlnaXRhbA==, 11
dimension, ZGltZW5zaW9u, 71
dining, ZGluaW5n, 221
dinner, ZGlubmVy, 32
direct, ZGlyZWN0, 181
direction, ZGlyZWN0aW9u, 27
directly, ZGlyZWN0bHk=, 7
director, ZGlyZWN0b3I=, 208
dirt, ZGlydA==, 165
dirty, ZGlydHk=, 218
disability, ZGlzYWJpbGl0eQ==, 102
disagree, ZGlzYWdyZWU=, 87
disappear, ZGlzYXBwZWFy, 97
disaster, ZGlzYXN0ZXI=, 238
discipline, ZGlzY2lwbGluZQ==, 164
discourse, ZGlzY291cnNl, 7
discover, ZGlzY292ZXI=, 181
discovery, ZGlzY292ZXJ5, 174
discrimination, ZGlzY3JpbWluYXRpb24=, 223
discuss, ZGlzY3Vzcw==, 55
discussion, ZGlzY3Vzc2lvbg==, 157
disease, ZGlzZWFzZQ==, 29
dish, ZGlzaA==, 163
dismiss, ZGlzbWlzcw==, 122
disorder, ZGlzb3JkZXI=, 9
display, ZGlzcGxheQ==, 65
dispute, ZGlzcHV0ZQ==, 221
distance, ZGlzdGFuY2U=, 10
distant, ZGlzdGFudA==, 12
distinct, ZGlzdGluY3Q=, 45
distinction, ZGlzdGluY3Rpb24=, 102
distinguish, ZGlzdGluZ3Vpc2g=, 159
distribute, ZGlzdHJpYnV0ZQ==, 95
distribution, ZGlzdHJpYnV0aW9u, 160
district, ZGlzdHJpY3Q=, 7
diverse, ZGl2ZXJzZQ==, 218
diversity, ZGl2ZXJzaXR5, 245
divide, ZGl2aWRl, 181
division, ZGl2aXNpb24=, 187
divorce, ZGl2b3JjZQ==, 173
DNA, RE5B, 14
do, ZG8=, 22
doctor, ZG9jdG9y, 161
document, ZG9jdW1lbnQ=, 250
dog, ZG9n, 72
domestic, ZG9tZXN0aWM=, 192
dominant, ZG9taW5hbnQ=, 1
dominate, ZG9taW5hdGU=, 224
door, ZG9vcg==, 148
double, ZG91Ymxl, 181
doubt, ZG91YnQ=, 96
down, ZG93bg==, 80
downtown, ZG93bnRvd24=, 172
dozen, ZG96ZW4=, 50
draft, ZHJhZnQ=, 170
drag, ZHJhZw==, 159
drama, ZHJhbWE=, 143
dramatic, ZHJhbWF0aWM=, 197
dramatically, ZHJhbWF0aWNhbGx5, 71
draw, ZHJhdw==, 169
drawing, ZHJhd2luZw==, 22
dream, ZHJlYW0=, 117
dress, ZHJlc3M=, 120
drink, ZHJpbms=, 219
drive, ZHJpdmU=, 191
driver, ZHJpdmVy, 252
drop, ZHJvcA==, 128
drug, ZHJ1Zw==, 104
dry, ZHJ5, 33
due, ZHVl, 100
during, ZHVyaW5n, 204
dust, ZHVzdA==, 145
duty, ZHV0eQ==, 88
each, ZWFjaA==, 125
eager, ZWFnZXI=, 157
ear, ZWFy, 112
early, ZWFybHk=, 194
earn, ZWFybg==, 179
earnings, ZWFybmluZ3M=, 55
earth, ZWFydGg=, 191
ease, ZWFzZQ==, 150
easily, ZWFzaWx5, 214
east, ZWFzdA==, 144
eastern, ZWFzdGVybg==, 46
easy, ZWFzeQ==, 161
eat, ZWF0, 39
economic, ZWNvbm9taWM=, 51
economics, ZWNvbm9taWNz, 113
economist, ZWNvbm9taXN0, 40
economy, ZWNvbm9teQ==, 33
edge, ZWRnZQ==, 150
edition, ZWRpdGlvbg==, 67
editor, ZWRpdG9y, 208
educate, ZWR1Y2F0ZQ==, 90
education, ZWR1Y2F0aW9u, 155
educational, ZWR1Y2F0aW9uYWw=, 255
educator, ZWR1Y2F0b3I=, 80
effect, ZWZmZWN0, 167
effective, ZWZmZWN0aXZl, 38
effectively, ZWZmZWN0aXZlbHk=, 120
efficiency, ZWZmaWNpZW5jeQ==, 110
efficient, ZWZmaWNpZW50, 4
effort, ZWZmb3J0, 135
egg, ZWdn, 131
eight, ZWlnaHQ=, 194
either, ZWl0aGVy, 196
elderly, ZWxkZXJseQ==, 51
elect, ZWxlY3Q=, 175
election, ZWxlY3Rpb24=, 232
electric, ZWxlY3RyaWM=, 46
electricity, ZWxlY3RyaWNpdHk=, 182
electronic, ZWxlY3Ryb25pYw==, 111
element, ZWxlbWVudA==, 56
elementary, ZWxlbWVudGFyeQ==, 179
eliminate, ZWxpbWluYXRl, 162
elite, ZWxpdGU=, 214
else, ZWxzZQ==, 200
elsewhere, ZWxzZXdoZXJl, 144
e-mail, ZS1tYWls, 225
embrace, ZW1icmFjZQ==, 240
emerge, ZW1lcmdl, 238
emergency, ZW1lcmdlbmN5, 64
emission, ZW1pc3Npb24=, 171
emotion, ZW1vdGlvbg==, 40
emotional, ZW1vdGlvbmFs, 109
emphasis, ZW1waGFzaXM=, 4
emphasize, ZW1waGFzaXpl, 86
employ, ZW1wbG95, 112
employee, ZW1wbG95ZWU=, 179
employer, ZW1wbG95ZXI=, 168
employment, ZW1wbG95bWVudA==, 19
empty, ZW1wdHk=, 173
enable, ZW5hYmxl, 248
encounter, ZW5jb3VudGVy, 42
encourage, ZW5jb3VyYWdl, 52
end, ZW5k, 81
enemy, ZW5lbXk=, 180
energy, ZW5lcmd5, 187
enforcement, ZW5mb3JjZW1lbnQ=, 72
engage, ZW5nYWdl, 212
engine, ZW5naW5l, 173
engineer, ZW5naW5lZXI=, 229
engineering, ZW5naW5lZXJpbmc=, 136
English, RW5nbGlzaA==, 247
enhance, ZW5oYW5jZQ==, 201
enjoy, ZW5qb3k=, 148
enormous, ZW5vcm1vdXM=, 25
enough, ZW5vdWdo, 234
ensure, ZW5zdXJl, 210
enter, ZW50ZXI=, 78
enterprise, ZW50ZXJwcmlzZQ==, 100
entertainment, ZW50ZXJ0YWlubWVudA==, 118
entire, ZW50aXJl, 133
entirely, ZW50aXJlbHk=, 215
entrance, ZW50cmFuY2U=, 190
entry, ZW50cnk=, 143
environment, ZW52aXJvbm1lbnQ=, 91
environmental, ZW52aXJvbm1lbnRhbA==, 164
episode, ZXBpc29kZQ==, 194
equal, ZXF1YWw=, 141
equally, ZXF1YWxseQ==, 244
equipment, ZXF1aXBtZW50, 174
era, ZXJh, 100
error, ZXJyb3I=, 144
escape, ZXNjYXBl, 201
especially, ZXNwZWNpYWxseQ==, 177
essay, ZXNzYXk=, 211
essential, ZXNzZW50aWFs, 1
essentially, ZXNzZW50aWFsbHk=, 83
establish, ZXN0YWJsaXNo, 19
establishment, ZXN0YWJsaXNobWVudA==, 182
estate, ZXN0YXRl, 159
estimate, ZXN0aW1hdGU=, 190
etc, ZXRj, 110
ethics, ZXRoaWNz, 243
ethnic, ZXRobmlj, 24
European, RXVyb3BlYW4=, 221
evaluate, ZXZhbHVhdGU=, 25
evaluation, ZXZhbHVhdGlvbg==, 172
even, ZXZlbg==, 187
evening, ZXZlbmluZw==, 115
event, ZXZlbnQ=, 214
eventually, ZXZlbnR1YWxseQ==, 150
ever, ZXZlcg==, 188
every, ZXZlcnk=, 241
everybody, ZXZlcnlib2R5, 57
everyday, ZXZlcnlkYXk=, 121
everyone, ZXZlcnlvbmU=, 140
everything, ZXZlcnl0aGluZw==, 185
everywhere, ZXZlcnl3aGVyZQ==, 132
evidence, ZXZpZGVuY2U=, 5
evolution, ZXZvbHV0aW9u, 24
evolve, ZXZvbHZl, 242
exact, ZXhhY3Q=, 156
exactly, ZXhhY3RseQ==, 3
examination, ZXhhbWluYXRpb24=, 148
examine, ZXhhbWluZQ==, 65
example, ZXhhbXBsZQ==, 22
exceed, ZXhjZWVk, 246
excellent, ZXhjZWxsZW50, 54
except, ZXhjZXB0, 168
exception, ZXhjZXB0aW9u, 14
exchange, ZXhjaGFuZ2U=, 5
exciting, ZXhjaXRpbmc=, 110
executive, ZXhlY3V0aXZl, 23
exercise, ZXhlcmNpc2U=, 59
exhibit, ZXhoaWJpdA==, 26
exhibition, ZXhoaWJpdGlvbg==, 203
exist, ZXhpc3Q=, 174
existence, ZXhpc3RlbmNl, 103
existing, ZXhpc3Rpbmc=, 81
expand, ZXhwYW5k, 225
expansion, ZXhwYW5zaW9u, 86
expect, ZXhwZWN0, 192
expectation, ZXhwZWN0YXRpb24=, 56
expense, ZXhwZW5zZQ==, 22
expensive, ZXhwZW5zaXZl, 112
experience, ZXhwZXJpZW5jZQ==, 114
experiment, ZXhwZXJpbWVudA==, 160
expert, ZXhwZXJ0, 189
explain, ZXhwbGFpbg==, 51
explanation, ZXhwbGFuYXRpb24=, 109
explode, ZXhwbG9kZQ==, 3
explore, ZXhwbG9yZQ==, 17
explosion, ZXhwbG9zaW9u, 83
expose, ZXhwb3Nl, 224
exposure, ZXhwb3N1cmU=, 7
express, ZXhwcmVzcw==, 133
expression, ZXhwcmVzc2lvbg==, 235
extend, ZXh0ZW5k, 155
extension, ZXh0ZW5zaW9u, 16
extensive, ZXh0ZW5zaXZl, 41
extent, ZXh0ZW50, 96
external, ZXh0ZXJuYWw=, 31
extra, ZXh0cmE=, 156
extraordinary, ZXh0cmFvcmRpbmFyeQ==, 38
extreme, ZXh0cmVtZQ==, 9
extremely, ZXh0cmVtZWx5, 66
eye, ZXll, 138
fabric, ZmFicmlj, 28
face, ZmFjZQ==, 156
facility, ZmFjaWxpdHk=, 107
fact, ZmFjdA==, 150
factor, ZmFjdG9y, 212
factory, ZmFjdG9yeQ==, 4
faculty, ZmFjdWx0eQ==, 10
fade, ZmFkZQ==, 157
fail, ZmFpbA==, 154
failure, ZmFpbHVyZQ==, 27
fair, ZmFpcg==, 193
fairly, ZmFpcmx5, 250
faith, ZmFpdGg=, 204
fall, ZmFsbA==, 157
FALSE, RkFMU0U=, 103
familiar, ZmFtaWxpYXI=, 88
family, ZmFtaWx5, 230
famous, ZmFtb3Vz, 230
fan, ZmFu, 130
fantasy, ZmFudGFzeQ==, 29
far, ZmFy, 134
farm, ZmFybQ==, 179
farmer, ZmFybWVy, 14
fashion, ZmFzaGlvbg==, 84
fast, ZmFzdA==, 166
fat, ZmF0, 61
fate, ZmF0ZQ==, 98
father, ZmF0aGVy, 180
fault, ZmF1bHQ=, 118
favor, ZmF2b3I=, 90
favorite, ZmF2b3JpdGU=, 203
fear, ZmVhcg==, 201
feature, ZmVhdHVyZQ==, 37
federal, ZmVkZXJhbA==, 9
fee, ZmVl, 137
feed, ZmVlZA==, 158
feel, ZmVlbA==, 166
feeling, ZmVlbGluZw==, 94
fellow, ZmVsbG93, 165
female, ZmVtYWxl, 37
fence, ZmVuY2U=, 175
few, ZmV3, 80
fewer, ZmV3ZXI=, 136
fiber, ZmliZXI=, 212
fiction, ZmljdGlvbg==, 109
field, ZmllbGQ=, 214
fifteen, ZmlmdGVlbg==, 80
fifth, ZmlmdGg=, 239
fifty, ZmlmdHk=, 244
fight, ZmlnaHQ=, 216
fighter, ZmlnaHRlcg==, 76
fighting, ZmlnaHRpbmc=, 123
figure, ZmlndXJl, 19
file, ZmlsZQ==, 203
fill, ZmlsbA==, 195
film, ZmlsbQ==, 211
final, ZmluYWw=, 12
finally, ZmluYWxseQ==, 115
finance, ZmluYW5jZQ==, 28
financial, ZmluYW5jaWFs, 104
find, ZmluZA==, 189
finding, ZmluZGluZw==, 117
fine, ZmluZQ==, 205
finger, ZmluZ2Vy, 3
finish, ZmluaXNo, 30
fire, ZmlyZQ==, 209
firm, ZmlybQ==, 217
first, Zmlyc3Q=, 208
fish, ZmlzaA==, 201
fishing, ZmlzaGluZw==, 129
fit, Zml0, 99
fitness, Zml0bmVzcw==, 86
five, Zml2ZQ==, 138
fix, Zml4, 103
flag, ZmxhZw==, 242
flame, ZmxhbWU=, 242
flat, ZmxhdA==, 198
flavor, Zmxhdm9y, 42
flee, ZmxlZQ==, 208
flesh, Zmxlc2g=, 228
flight, ZmxpZ2h0, 211
float, ZmxvYXQ=, 244
floor, Zmxvb3I=, 208
flow, Zmxvdw==, 10
flower, Zmxvd2Vy, 26
fly, Zmx5, 116
focus, Zm9jdXM=, 176
folk, Zm9saw==, 197
follow, Zm9sbG93, 136
following, Zm9sbG93aW5n, 227
food, Zm9vZA==, 139
foot, Zm9vdA==, 149
football, Zm9vdGJhbGw=, 48
for, Zm9y, 121
force, Zm9yY2U=, 150
foreign, Zm9yZWlnbg==, 71
forest, Zm9yZXN0, 169
forever, Zm9yZXZlcg==, 53
forget, Zm9yZ2V0, 139
form, Zm9ybQ==, 166
formal, Zm9ybWFs, 235
formation, Zm9ybWF0aW9u, 14
former, Zm9ybWVy, 1
formula, Zm9ybXVsYQ==, 32
forth, Zm9ydGg=, 200
fortune, Zm9ydHVuZQ==, 21
forward, Zm9yd2FyZA==, 227
found, Zm91bmQ=, 142
foundation, Zm91bmRhdGlvbg==, 138
founder, Zm91bmRlcg==, 2
four, Zm91cg==, 117
fourth, Zm91cnRo, 195
frame, ZnJhbWU=, 197
framework, ZnJhbWV3b3Jr, 13
free, ZnJlZQ==, 163
freedom, ZnJlZWRvbQ==, 36
freeze, ZnJlZXpl, 12
French, RnJlbmNo, 2
frequency, ZnJlcXVlbmN5, 77
frequent, ZnJlcXVlbnQ=, 89
frequently, ZnJlcXVlbnRseQ==, 192
fresh, ZnJlc2g=, 183
friend, ZnJpZW5k, 211
friendly, ZnJpZW5kbHk=, 37
friendship, ZnJpZW5kc2hpcA==, 94
from, ZnJvbQ==, 181
front, ZnJvbnQ=, 230
fruit, ZnJ1aXQ=, 138
frustration, ZnJ1c3RyYXRpb24=, 28
fuel, ZnVlbA==, 167
full, ZnVsbA==, 174
fully, ZnVsbHk=, 227
fun, ZnVu, 147
function, ZnVuY3Rpb24=, 230
fund, ZnVuZA==, 168
fundamental, ZnVuZGFtZW50YWw=, 104
funding, ZnVuZGluZw==, 96
funeral, ZnVuZXJhbA==, 20
funny, ZnVubnk=, 11
furniture, ZnVybml0dXJl, 116
furthermore, ZnVydGhlcm1vcmU=, 239
future, ZnV0dXJl, 192
gain, Z2Fpbg==, 133
galaxy, Z2FsYXh5, 147
gallery, Z2FsbGVyeQ==, 237
game, Z2FtZQ==, 107
gang, Z2FuZw==, 146
gap, Z2Fw, 73
garage, Z2FyYWdl, 203
garden, Z2FyZGVu, 183
garlic, Z2FybGlj, 202
gas, Z2Fz, 76
gate, Z2F0ZQ==, 39
gather, Z2F0aGVy, 121
gay, Z2F5, 7
gaze, Z2F6ZQ==, 45
gear, Z2Vhcg==, 142
gender, Z2VuZGVy, 199
gene, Z2VuZQ==, 124
general, Z2VuZXJhbA==, 216
generally, Z2VuZXJhbGx5, 17
generate, Z2VuZXJhdGU=, 248
generation, Z2VuZXJhdGlvbg==, 139
genetic, Z2VuZXRpYw==, 21
gentleman, Z2VudGxlbWFu, 90
gently, Z2VudGx5, 175
German, R2VybWFu, 199
gesture, Z2VzdHVyZQ==, 252
get, Z2V0, 18
ghost, Z2hvc3Q=, 142
giant, Z2lhbnQ=, 190
gift, Z2lmdA==, 132
gifted, Z2lmdGVk, 209
girl, Z2lybA==, 142
girlfriend, Z2lybGZyaWVuZA==, 133
give, Z2l2ZQ==, 79
given, Z2l2ZW4=, 76
glad, Z2xhZA==, 129
glance, Z2xhbmNl, 245
glass, Z2xhc3M=, 140
global, Z2xvYmFs, 249
glove, Z2xvdmU=, 221
go, Z28=, 1
goal, Z29hbA==, 74
God, R29k, 40
gold, Z29sZA==, 77
golden, Z29sZGVu, 164
golf, Z29sZg==, 115
good, Z29vZA==, 80
government, Z292ZXJubWVudA==, 11
governor, Z292ZXJub3I=, 131
grab, Z3JhYg==, 121
grade, Z3JhZGU=, 114
gradually, Z3JhZHVhbGx5, 245
graduate, Z3JhZHVhdGU=, 220
grain, Z3JhaW4=, 104
grand, Z3JhbmQ=, 156
grandfather, Z3JhbmRmYXRoZXI=, 119
grandmother, Z3JhbmRtb3RoZXI=, 98
grant, Z3JhbnQ=, 157
grass, Z3Jhc3M=, 95
grave, Z3JhdmU=, 162
gray, Z3JheQ==, 111
great, Z3JlYXQ=, 130
greatest, Z3JlYXRlc3Q=, 214
green, Z3JlZW4=, 101
grocery, Z3JvY2VyeQ==, 215
ground, Z3JvdW5k, 168
group, Z3JvdXA=, 135
grow, Z3Jvdw==, 162
growing, Z3Jvd2luZw==, 15
growth, Z3Jvd3Ro, 165
guarantee, Z3VhcmFudGVl, 67
guard, Z3VhcmQ=, 169
guess, Z3Vlc3M=, 111
guest, Z3Vlc3Q=, 115
guide, Z3VpZGU=, 134
guideline, Z3VpZGVsaW5l, 22
guilty, Z3VpbHR5, 132
gun, Z3Vu, 88
guy, Z3V5, 24
habit, aGFiaXQ=, 158
habitat, aGFiaXRhdA==, 233
hair, aGFpcg==, 162
half, aGFsZg==, 156
hall, aGFsbA==, 126
hand, aGFuZA==, 120
handful, aGFuZGZ1bA==, 172
handle, aGFuZGxl, 232
hang, aGFuZw==, 174
happen, aGFwcGVu, 218
happy, aGFwcHk=, 184
hard, aGFyZA==, 124
hardly, aGFyZGx5, 181
hat, aGF0, 30
hate, aGF0ZQ==, 67
have, aGF2ZQ==, 69
he, aGU=, 58
head, aGVhZA==, 123
headline, aGVhZGxpbmU=, 80
headquarters, aGVhZHF1YXJ0ZXJz, 32
health, aGVhbHRo, 209
healthy, aGVhbHRoeQ==, 1
hear, aGVhcg==, 170
hearing, aGVhcmluZw==, 98
heart, aGVhcnQ=, 197
heat, aGVhdA==, 133
heaven, aGVhdmVu, 2
heavily, aGVhdmlseQ==, 70
heavy, aGVhdnk=, 224
heel, aGVlbA==, 135
height, aGVpZ2h0, 146
helicopter, aGVsaWNvcHRlcg==, 154
hell, aGVsbA==, 142
hello, aGVsbG8=, 143
help, aGVscA==, 143
helpful, aGVscGZ1bA==, 195
her, aGVy, 119
here, aGVyZQ==, 156
heritage, aGVyaXRhZ2U=, 8
hero, aGVybw==, 202
herself, aGVyc2VsZg==, 16
hey, aGV5, 51
hi, aGk=, 80
hide, aGlkZQ==, 164
high, aGlnaA==, 158
highlight, aGlnaGxpZ2h0, 54
highly, aGlnaGx5, 215
highway, aGlnaHdheQ==, 39
hill, aGlsbA==, 164
him, aGlt, 136
himself, aGltc2VsZg==, 33
hip, aGlw, 139
hire, aGlyZQ==, 178
his, aGlz, 142
historian, aGlzdG9yaWFu, 94
historic, aGlzdG9yaWM=, 45
historical, aGlzdG9yaWNhbA==, 118
history, aGlzdG9yeQ==, 27
hit, aGl0, 68
hold, aG9sZA==, 105
hole, aG9sZQ==, 121
holiday, aG9saWRheQ==, 246
holy, aG9seQ==, 132
home, aG9tZQ==, 122
homeless, aG9tZWxlc3M=, 10
honest, aG9uZXN0, 134
honey, aG9uZXk=, 176
honor, aG9ub3I=, 113
hope, aG9wZQ==, 125
horizon, aG9yaXpvbg==, 60
horror, aG9ycm9y, 220
horse, aG9yc2U=, 129
hospital, aG9zcGl0YWw=, 5
host, aG9zdA==, 122
hot, aG90, 17
hotel, aG90ZWw=, 118
hour, aG91cg==, 86
house, aG91c2U=, 57
household, aG91c2Vob2xk, 227
housing, aG91c2luZw==, 211
how, aG93, 20
however, aG93ZXZlcg==, 208
huge, aHVnZQ==, 146
human, aHVtYW4=, 148
humor, aHVtb3I=, 142
hundred, aHVuZHJlZA==, 225
hungry, aHVuZ3J5, 128
hunter, aHVudGVy, 238
hunting, aHVudGluZw==, 75
hurt, aHVydA==, 151
husband, aHVzYmFuZA==, 15
hypothesis, aHlwb3RoZXNpcw==, 166
I, SQ==, 30
ice, aWNl, 114
idea, aWRlYQ==, 154
ideal, aWRlYWw=, 218
identification, aWRlbnRpZmljYXRpb24=, 29
identify, aWRlbnRpZnk=, 120
identity, aWRlbnRpdHk=, 92
ie, aWU=, 74
if, aWY=, 78
ignore, aWdub3Jl, 220
ill, aWxs, 163
illegal, aWxsZWdhbA==, 61
illness, aWxsbmVzcw==, 150
illustrate, aWxsdXN0cmF0ZQ==, 72
image, aW1hZ2U=, 111
imagination, aW1hZ2luYXRpb24=, 54
imagine, aW1hZ2luZQ==, 227
immediate, aW1tZWRpYXRl, 63
immediately, aW1tZWRpYXRlbHk=, 145
immigrant, aW1taWdyYW50, 7
immigration, aW1taWdyYXRpb24=, 106
impact, aW1wYWN0, 142
implement, aW1wbGVtZW50, 233
implication, aW1wbGljYXRpb24=, 87
imply, aW1wbHk=, 178
importance, aW1wb3J0YW5jZQ==, 227
important, aW1wb3J0YW50, 132
impose, aW1wb3Nl, 175
impossible, aW1wb3NzaWJsZQ==, 87
impress, aW1wcmVzcw==, 84
impression, aW1wcmVzc2lvbg==, 186
impressive, aW1wcmVzc2l2ZQ==, 88
improve, aW1wcm92ZQ==, 192
improvement, aW1wcm92ZW1lbnQ=, 71
in, aW4=, 41
incentive, aW5jZW50aXZl, 236
incident, aW5jaWRlbnQ=, 43
include, aW5jbHVkZQ==, 231
including, aW5jbHVkaW5n, 29
income, aW5jb21l, 136
incorporate, aW5jb3Jwb3JhdGU=, 49
increase, aW5jcmVhc2U=, 12
increased, aW5jcmVhc2Vk, 59
increasing, aW5jcmVhc2luZw==, 166
increasingly, aW5jcmVhc2luZ2x5, 148
incredible, aW5jcmVkaWJsZQ==, 130
indeed, aW5kZWVk, 202
independence, aW5kZXBlbmRlbmNl, 206
independent, aW5kZXBlbmRlbnQ=, 163
index, aW5kZXg=, 174
Indian, SW5kaWFu, 189
indicate, aW5kaWNhdGU=, 3
indication, aW5kaWNhdGlvbg==, 150
individual, aW5kaXZpZHVhbA==, 88
industrial, aW5kdXN0cmlhbA==, 83
industry, aW5kdXN0cnk=, 11
infant, aW5mYW50, 111
infection, aW5mZWN0aW9u, 239
inflation, aW5mbGF0aW9u, 223
influence, aW5mbHVlbmNl, 79
inform, aW5mb3Jt, 173
information, aW5mb3JtYXRpb24=, 37
ingredient, aW5ncmVkaWVudA==, 142
initial, aW5pdGlhbA==, 249
initially, aW5pdGlhbGx5, 50
initiative, aW5pdGlhdGl2ZQ==, 74
injury, aW5qdXJ5, 153
inner, aW5uZXI=, 154
innocent, aW5ub2NlbnQ=, 14
inquiry, aW5xdWlyeQ==, 53
inside, aW5zaWRl, 221
insight, aW5zaWdodA==, 17
insist, aW5zaXN0, 158
inspire, aW5zcGlyZQ==, 27
install, aW5zdGFsbA==, 232
instance, aW5zdGFuY2U=, 234
instead, aW5zdGVhZA==, 229
institution, aW5zdGl0dXRpb24=, 49
institutional, aW5zdGl0dXRpb25hbA==, 122
instruction, aW5zdHJ1Y3Rpb24=, 225
instructor, aW5zdHJ1Y3Rvcg==, 38
instrument, aW5zdHJ1bWVudA==, 49
insurance, aW5zdXJhbmNl, 94
intellectual, aW50ZWxsZWN0dWFs, 92
intelligence, aW50ZWxsaWdlbmNl, 202
intend, aW50ZW5k, 110
intense, aW50ZW5zZQ==, 162
intensity, aW50ZW5zaXR5, 189
intention, aW50ZW50aW9u, 153
interaction, aW50ZXJhY3Rpb24=, 212
interest, aW50ZXJlc3Q=, 169
interested, aW50ZXJlc3RlZA==, 238
interesting, aW50ZXJlc3Rpbmc=, 76
internal, aW50ZXJuYWw=, 242
international, aW50ZXJuYXRpb25hbA==, 79
Internet, SW50ZXJuZXQ=, 192
interpret, aW50ZXJwcmV0, 230
interpretation, aW50ZXJwcmV0YXRpb24=, 94
intervention, aW50ZXJ2ZW50aW9u, 199
interview, aW50ZXJ2aWV3, 140
into, aW50bw==, 112
introduce, aW50cm9kdWNl, 6
introduction, aW50cm9kdWN0aW9u, 48
invasion, aW52YXNpb24=, 147
invest, aW52ZXN0, 79
investigate, aW52ZXN0aWdhdGU=, 16
investigation, aW52ZXN0aWdhdGlvbg==, 163
investigator, aW52ZXN0aWdhdG9y, 48
investment, aW52ZXN0bWVudA==, 242
investor, aW52ZXN0b3I=, 106
invite, aW52aXRl, 150
involve, aW52b2x2ZQ==, 130
involved, aW52b2x2ZWQ=, 156
involvement, aW52b2x2ZW1lbnQ=, 9
Iraqi, SXJhcWk=, 191
Irish, SXJpc2g=, 158
iron, aXJvbg==, 188
Islamic, SXNsYW1pYw==, 7
island, aXNsYW5k, 202
Israeli, SXNyYWVsaQ==, 23
issue, aXNzdWU=, 206
it, aXQ=, 71
Italian, SXRhbGlhbg==, 37
item, aXRlbQ==, 164
its, aXRz, 133
itself, aXRzZWxm, 27
jacket, amFja2V0, 151
jail, amFpbA==, 161
Japanese, SmFwYW5lc2U=, 245
jet, amV0, 84
Jew, SmV3, 73
Jewish, SmV3aXNo, 191
job, am9i, 112
join, am9pbg==, 186
joint, am9pbnQ=, 213
joke, am9rZQ==, 158
journal, am91cm5hbA==, 194
journalist, am91cm5hbGlzdA==, 83
journey, am91cm5leQ==, 217
joy, am95, 60
judge, anVkZ2U=, 174
judgment, anVkZ21lbnQ=, 23
juice, anVpY2U=, 178
jump, anVtcA==, 183
junior, anVuaW9y, 4
jury, anVyeQ==, 206
just, anVzdA==, 190
justice, anVzdGljZQ==, 69
justify, anVzdGlmeQ==, 83
keep, a2VlcA==, 115
key, a2V5, 30
kick, a2ljaw==, 187
kid, a2lk, 106
kill, a2lsbA==, 143
killer, a2lsbGVy, 234
killing, a2lsbGluZw==, 71
kind, a2luZA==, 137
king, a2luZw==, 191
kiss, a2lzcw==, 205
kitchen, a2l0Y2hlbg==, 209
knee, a25lZQ==, 89
knife, a25pZmU=, 145
knock, a25vY2s=, 121
know, a25vdw==, 147
knowledge, a25vd2xlZGdl, 41
lab, bGFi, 88
label, bGFiZWw=, 189
labor, bGFib3I=, 115
laboratory, bGFib3JhdG9yeQ==, 44
lack, bGFjaw==, 171
lady, bGFkeQ==, 138
lake, bGFrZQ==, 134
land, bGFuZA==, 121
landscape, bGFuZHNjYXBl, 29
language, bGFuZ3VhZ2U=, 205
lap, bGFw, 102
large, bGFyZ2U=, 134
largely, bGFyZ2VseQ==, 237
last, bGFzdA==, 136
late, bGF0ZQ==, 68
later, bGF0ZXI=, 87
Latin, TGF0aW4=, 58
latter, bGF0dGVy, 153
laugh, bGF1Z2g=, 80
launch, bGF1bmNo, 172
law, bGF3, 34
lawn, bGF3bg==, 101
lawsuit, bGF3c3VpdA==, 157
lawyer, bGF3eWVy, 173
lay, bGF5, 36
layer, bGF5ZXI=, 92
lead, bGVhZA==, 124
leader, bGVhZGVy, 215
leadership, bGVhZGVyc2hpcA==, 98
leading, bGVhZGluZw==, 52
leaf, bGVhZg==, 162
league, bGVhZ3Vl, 182
lean, bGVhbg==, 170
learn, bGVhcm4=, 168
learning, bGVhcm5pbmc=, 75
least, bGVhc3Q=, 139
leather, bGVhdGhlcg==, 42
leave, bGVhdmU=, 202
left, bGVmdA==, 139
leg, bGVn, 109
legacy, bGVnYWN5, 160
legal, bGVnYWw=, 209
legend, bGVnZW5k, 190
legislation, bGVnaXNsYXRpb24=, 95
legitimate, bGVnaXRpbWF0ZQ==, 60
lemon, bGVtb24=, 120
length, bGVuZ3Ro, 194
less, bGVzcw==, 205
lesson, bGVzc29u, 188
let, bGV0, 47
letter, bGV0dGVy, 169
level, bGV2ZWw=, 150
liberal, bGliZXJhbA==, 255
library, bGlicmFyeQ==, 61
license, bGljZW5zZQ==, 4
lie, bGll, 129
life, bGlmZQ==, 167
lifestyle, bGlmZXN0eWxl, 82
lifetime, bGlmZXRpbWU=, 65
lift, bGlmdA==, 161
light, bGlnaHQ=, 186
like, bGlrZQ==, 172
likely, bGlrZWx5, 229
limit, bGltaXQ=, 208
limitation, bGltaXRhdGlvbg==, 204
limited, bGltaXRlZA==, 21
line, bGluZQ==, 175
link, bGluaw==, 220
lip, bGlw, 140
list, bGlzdA==, 174
listen, bGlzdGVu, 5
literally, bGl0ZXJhbGx5, 255
literary, bGl0ZXJhcnk=, 34
literature, bGl0ZXJhdHVyZQ==, 73
little, bGl0dGxl, 212
live, bGl2ZQ==, 108
living, bGl2aW5n, 162
load, bG9hZA==, 95
loan, bG9hbg==, 141
local, bG9jYWw=, 176
locate, bG9jYXRl, 187
location, bG9jYXRpb24=, 196
lock, bG9jaw==, 158
long, bG9uZw==, 162
long-term, bG9uZy10ZXJt, 251
look, bG9vaw==, 170
loose, bG9vc2U=, 127
lose, bG9zZQ==, 129
loss, bG9zcw==, 176
lost, bG9zdA==, 123
lot, bG90, 18
lots, bG90cw==, 102
loud, bG91ZA==, 40
love, bG92ZQ==, 57
lovely, bG92ZWx5, 114
lover, bG92ZXI=, 76
low, bG93, 21
lower, bG93ZXI=, 77
luck, bHVjaw==, 188
lucky, bHVja3k=, 166
lunch, bHVuY2g=, 164
lung, bHVuZw==, 192
machine, bWFjaGluZQ==, 23
mad, bWFk, 106
magazine, bWFnYXppbmU=, 95
mail, bWFpbA==, 140
main, bWFpbg==, 178
mainly, bWFpbmx5, 235
maintain, bWFpbnRhaW4=, 34
maintenance, bWFpbnRlbmFuY2U=, 164
major, bWFqb3I=, 139
majority, bWFqb3JpdHk=, 19
make, bWFrZQ==, 150
maker, bWFrZXI=, 169
makeup, bWFrZXVw, 240
male, bWFsZQ==, 151
mall, bWFsbA==, 143
man, bWFu, 116
manage, bWFuYWdl, 244
management, bWFuYWdlbWVudA==, 151
manager, bWFuYWdlcg==, 56
manner, bWFubmVy, 18
manufacturer, bWFudWZhY3R1cmVy, 159
manufacturing, bWFudWZhY3R1cmluZw==, 252
many, bWFueQ==, 164
map, bWFw, 118
margin, bWFyZ2lu, 229
mark, bWFyaw==, 202
market, bWFya2V0, 145
marketing, bWFya2V0aW5n, 236
marriage, bWFycmlhZ2U=, 58
married, bWFycmllZA==, 53
marry, bWFycnk=, 241
mask, bWFzaw==, 203
mass, bWFzcw==, 205
massive, bWFzc2l2ZQ==, 209
master, bWFzdGVy, 243
match, bWF0Y2g=, 94
material, bWF0ZXJpYWw=, 255
math, bWF0aA==, 75
matter, bWF0dGVy, 169
may, bWF5, 52
maybe, bWF5YmU=, 140
mayor, bWF5b3I=, 79
me, bWU=, 75
meal, bWVhbA==, 148
mean, bWVhbg==, 186
meaning, bWVhbmluZw==, 114
meanwhile, bWVhbndoaWxl, 182
measure, bWVhc3VyZQ==, 1
measurement, bWVhc3VyZW1lbnQ=, 136
meat, bWVhdA==, 150
mechanism, bWVjaGFuaXNt, 87
media, bWVkaWE=, 180
medical, bWVkaWNhbA==, 5
medication, bWVkaWNhdGlvbg==, 184
medicine, bWVkaWNpbmU=, 81
medium, bWVkaXVt, 253
meet, bWVldA==, 154
meeting, bWVldGluZw==, 82
member, bWVtYmVy, 24
membership, bWVtYmVyc2hpcA==, 163
memory, bWVtb3J5, 151
mental, bWVudGFs, 232
mention, bWVudGlvbg==, 84
menu, bWVudQ==, 179
mere, bWVyZQ==, 173
merely, bWVyZWx5, 230
mess, bWVzcw==, 221
message, bWVzc2FnZQ==, 247
metal, bWV0YWw=, 163
meter, bWV0ZXI=, 119
method, bWV0aG9k, 139
Mexican, TWV4aWNhbg==, 230
middle, bWlkZGxl, 21
might, bWlnaHQ=, 202
military, bWlsaXRhcnk=, 132
milk, bWlsaw==, 234
million, bWlsbGlvbg==, 102
mind, bWluZA==, 175
mine, bWluZQ==, 191
minister, bWluaXN0ZXI=, 9
minor, bWlub3I=, 181
minority, bWlub3JpdHk=, 61
minute, bWludXRl, 20
miracle, bWlyYWNsZQ==, 52
mirror, bWlycm9y, 32
miss, bWlzcw==, 243
missile, bWlzc2lsZQ==, 56
mission, bWlzc2lvbg==, 89
mistake, bWlzdGFrZQ==, 39
mix, bWl4, 89
mixture, bWl4dHVyZQ==, 249
mm-hmm, bW0taG1t, 170
mode, bW9kZQ==, 130
model, bW9kZWw=, 194
moderate, bW9kZXJhdGU=, 254
modern, bW9kZXJu, 206
modest, bW9kZXN0, 141
mom, bW9t, 102
moment, bW9tZW50, 124
money, bW9uZXk=, 193
monitor, bW9uaXRvcg==, 44
month, bW9udGg=, 182
mood, bW9vZA==, 125
moon, bW9vbg==, 171
moral, bW9yYWw=, 207
more, bW9yZQ==, 144
moreover, bW9yZW92ZXI=, 191
morning, bW9ybmluZw==, 102
mortgage, bW9ydGdhZ2U=, 0
most, bW9zdA==, 139
mostly, bW9zdGx5, 196
mother, bW90aGVy, 153
motion, bW90aW9u, 136
motivation, bW90aXZhdGlvbg==, 109
motor, bW90b3I=, 61
mount, bW91bnQ=, 129
mountain, bW91bnRhaW4=, 214
mouse, bW91c2U=, 74
mouth, bW91dGg=, 114
move, bW92ZQ==, 73
movement, bW92ZW1lbnQ=, 208
movie, bW92aWU=, 110
Mr, TXI=, 50
Mrs, TXJz, 112
Ms, TXM=, 54
much, bXVjaA==, 150
multiple, bXVsdGlwbGU=, 76
murder, bXVyZGVy, 249
muscle, bXVzY2xl, 249
museum, bXVzZXVt, 6
music, bXVzaWM=, 204
musical, bXVzaWNhbA==, 21
musician, bXVzaWNpYW4=, 33
Muslim, TXVzbGlt, 5
must, bXVzdA==, 169
mutual, bXV0dWFs, 180
my, bXk=, 98
myself, bXlzZWxm, 54
mystery, bXlzdGVyeQ==, 74
myth, bXl0aA==, 114
naked, bmFrZWQ=, 198
name, bmFtZQ==, 174
narrative, bmFycmF0aXZl, 83
narrow, bmFycm93, 202
nation, bmF0aW9u, 171
national, bmF0aW9uYWw=, 15
native, bmF0aXZl, 196
natural, bmF0dXJhbA==, 208
naturally, bmF0dXJhbGx5, 9
nature, bmF0dXJl, 183
near, bmVhcg==, 209
nearby, bmVhcmJ5, 220
nearly, bmVhcmx5, 10
necessarily, bmVjZXNzYXJpbHk=, 198
necessary, bmVjZXNzYXJ5, 57
neck, bmVjaw==, 225
need, bmVlZA==, 166
negative, bmVnYXRpdmU=, 105
negotiate, bmVnb3RpYXRl, 89
negotiation, bmVnb3RpYXRpb24=, 98
neighbor, bmVpZ2hib3I=, 13
neighborhood, bmVpZ2hib3Job29k, 120
neither, bmVpdGhlcg==, 88
nerve, bmVydmU=, 1
nervous, bmVydm91cw==, 45
net, bmV0, 85
network, bmV0d29yaw==, 239
never, bmV2ZXI=, 143
nevertheless, bmV2ZXJ0aGVsZXNz, 110
new, bmV3, 88
newly, bmV3bHk=, 170
news, bmV3cw==, 172
newspaper, bmV3c3BhcGVy, 17
next, bmV4dA==, 120
nice, bmljZQ==, 202
night, bmlnaHQ=, 224
nine, bmluZQ==, 213
no, bm8=, 68
nobody, bm9ib2R5, 140
nod, bm9k, 115
noise, bm9pc2U=, 159
nomination, bm9taW5hdGlvbg==, 161
none, bm9uZQ==, 162
nonetheless, bm9uZXRoZWxlc3M=, 165
nor, bm9y, 129
normal, bm9ybWFs, 243
normally, bm9ybWFsbHk=, 69
north, bm9ydGg=, 208
northern, bm9ydGhlcm4=, 65
nose, bm9zZQ==, 167
not, bm90, 56
note, bm90ZQ==, 93
nothing, bm90aGluZw==, 12
notice, bm90aWNl, 170
notion, bm90aW9u, 158
novel, bm92ZWw=, 159
now, bm93, 59
nowhere, bm93aGVyZQ==, 215
n't, bid0, 95
nuclear, bnVjbGVhcg==, 59
number, bnVtYmVy, 47
numerous, bnVtZXJvdXM=, 82
nurse, bnVyc2U=, 198
nut, bnV0, 86
object, b2JqZWN0, 126
objective, b2JqZWN0aXZl, 253
obligation, b2JsaWdhdGlvbg==, 165
observation, b2JzZXJ2YXRpb24=, 254
observe, b2JzZXJ2ZQ==, 171
observer, b2JzZXJ2ZXI=, 190
obtain, b2J0YWlu, 159
obvious, b2J2aW91cw==, 134
obviously, b2J2aW91c2x5, 116
occasion, b2NjYXNpb24=, 192
occasionally, b2NjYXNpb25hbGx5, 66
occupation, b2NjdXBhdGlvbg==, 130
occupy, b2NjdXB5, 127
occur, b2NjdXI=, 142
ocean, b2NlYW4=, 111
odd, b2Rk, 81
odds, b2Rkcw==, 165
of, b2Y=, 42
off, b2Zm, 91
offense, b2ZmZW5zZQ==, 224
offensive, b2ZmZW5zaXZl, 58
offer, b2ZmZXI=, 147
office, b2ZmaWNl, 205
officer, b2ZmaWNlcg==, 17
official, b2ZmaWNpYWw=, 53
often, b2Z0ZW4=, 64
oh, b2g=, 56
oil, b2ls, 115
ok, b2s=, 68
okay, b2theQ==, 160
old, b2xk, 119
Olympic, T2x5bXBpYw==, 233
on, b24=, 5
once, b25jZQ==, 88
one, b25l, 53
ongoing, b25nb2luZw==, 247
onion, b25pb24=, 62
online, b25saW5l, 149
only, b25seQ==, 108
onto, b250bw==, 76
open, b3Blbg==, 134
opening, b3BlbmluZw==, 62
operate, b3BlcmF0ZQ==, 174
operating, b3BlcmF0aW5n, 228
operation, b3BlcmF0aW9u, 239
operator, b3BlcmF0b3I=, 164
opinion, b3Bpbmlvbg==, 59
opponent, b3Bwb25lbnQ=, 225
opportunity, b3Bwb3J0dW5pdHk=, 17
oppose, b3Bwb3Nl, 157
opposite, b3Bwb3NpdGU=, 222
opposition, b3Bwb3NpdGlvbg==, 113
option, b3B0aW9u, 109
or, b3I=, 27
orange, b3Jhbmdl, 230
order, b3JkZXI=, 130
ordinary, b3JkaW5hcnk=, 24
organic, b3JnYW5pYw==, 236
organization, b3JnYW5pemF0aW9u, 80
organize, b3JnYW5pemU=, 6
orientation, b3JpZW50YXRpb24=, 221
origin, b3JpZ2lu, 188
original, b3JpZ2luYWw=, 32
originally, b3JpZ2luYWxseQ==, 135
other, b3RoZXI=, 142
others, b3RoZXJz, 204
otherwise, b3RoZXJ3aXNl, 248
ought, b3VnaHQ=, 144
our, b3Vy, 100
ourselves, b3Vyc2VsdmVz, 99
out, b3V0, 27
outcome, b3V0Y29tZQ==, 120
outside, b3V0c2lkZQ==, 172
oven, b3Zlbg==, 158
over, b3Zlcg==, 159
overall, b3ZlcmFsbA==, 1
overcome, b3ZlcmNvbWU=, 58
overlook, b3Zlcmxvb2s=, 93
owe, b3dl, 101
own, b3du, 110
owner, b3duZXI=, 166
pace, cGFjZQ==, 127
pack, cGFjaw==, 172
package, cGFja2FnZQ==, 198
page, cGFnZQ==, 131
pain, cGFpbg==, 163
painful, cGFpbmZ1bA==, 215
paint, cGFpbnQ=, 190
painter, cGFpbnRlcg==, 50
painting, cGFpbnRpbmc=, 97
pair, cGFpcg==, 164
pale, cGFsZQ==, 136
Palestinian, UGFsZXN0aW5pYW4=, 3
palm, cGFsbQ==, 144
pan, cGFu, 101
panel, cGFuZWw=, 202
pant, cGFudA==, 132
paper, cGFwZXI=, 159
parent, cGFyZW50, 127
park, cGFyaw==, 187
parking, cGFya2luZw==, 40
part, cGFydA==, 136
participant, cGFydGljaXBhbnQ=, 171
participate, cGFydGljaXBhdGU=, 138
participation, cGFydGljaXBhdGlvbg==, 29
particular, cGFydGljdWxhcg==, 201
particularly, cGFydGljdWxhcmx5, 2
partly, cGFydGx5, 193
partner, cGFydG5lcg==, 249
partnership, cGFydG5lcnNoaXA=, 122
party, cGFydHk=, 189
pass, cGFzcw==, 190
passage, cGFzc2FnZQ==, 216
passenger, cGFzc2VuZ2Vy, 37
passion, cGFzc2lvbg==, 36
past, cGFzdA==, 137
patch, cGF0Y2g=, 79
path, cGF0aA==, 60
patient, cGF0aWVudA==, 194
pattern, cGF0dGVybg==, 221
pause, cGF1c2U=, 72
pay, cGF5, 37
payment, cGF5bWVudA==, 200
PC, UEM=, 36
peace, cGVhY2U=, 133
peak, cGVhaw==, 186
peer, cGVlcg==, 176
penalty, cGVuYWx0eQ==, 253
people, cGVvcGxl, 4
pepper, cGVwcGVy, 240
per, cGVy, 121
perceive, cGVyY2VpdmU=, 45
percentage, cGVyY2VudGFnZQ==, 83
perception, cGVyY2VwdGlvbg==, 161
perfect, cGVyZmVjdA==, 31
perfectly, cGVyZmVjdGx5, 88
perform, cGVyZm9ybQ==, 31
performance, cGVyZm9ybWFuY2U=, 131
perhaps, cGVyaGFwcw==, 50
period, cGVyaW9k, 213
permanent, cGVybWFuZW50, 3
permission, cGVybWlzc2lvbg==, 210
permit, cGVybWl0, 206
person, cGVyc29u, 188
personal, cGVyc29uYWw=, 32
personality, cGVyc29uYWxpdHk=, 168
personally, cGVyc29uYWxseQ==, 135
personnel, cGVyc29ubmVs, 84
perspective, cGVyc3BlY3RpdmU=, 110
persuade, cGVyc3VhZGU=, 0
pet, cGV0, 48
phase, cGhhc2U=, 161
phenomenon, cGhlbm9tZW5vbg==, 153
philosophy, cGhpbG9zb3BoeQ==, 84
phone, cGhvbmU=, 233
photo, cGhvdG8=, 168
photograph, cGhvdG9ncmFwaA==, 131
photographer, cGhvdG9ncmFwaGVy, 222
phrase, cGhyYXNl, 246
physical, cGh5c2ljYWw=, 22
physically, cGh5c2ljYWxseQ==, 125
physician, cGh5c2ljaWFu, 37
piano, cGlhbm8=, 194
pick, cGljaw==, 210
picture, cGljdHVyZQ==, 32
pie, cGll, 130
piece, cGllY2U=, 159
pile, cGlsZQ==, 174
pilot, cGlsb3Q=, 172
pine, cGluZQ==, 176
pink, cGluaw==, 221
pipe, cGlwZQ==, 178
pitch, cGl0Y2g=, 117
place, cGxhY2U=, 167
plan, cGxhbg==, 205
plane, cGxhbmU=, 235
planet, cGxhbmV0, 223
planning, cGxhbm5pbmc=, 109
plant, cGxhbnQ=, 232
plastic, cGxhc3RpYw==, 44
plate, cGxhdGU=, 199
platform, cGxhdGZvcm0=, 66
play, cGxheQ==, 186
player, cGxheWVy, 21
please, cGxlYXNl, 249
pleasure, cGxlYXN1cmU=, 32
plenty, cGxlbnR5, 229
plot, cGxvdA==, 183
plus, cGx1cw==, 167
PM, UE0=, 7
pocket, cG9ja2V0, 102
poem, cG9lbQ==, 124
poet, cG9ldA==, 110
poetry, cG9ldHJ5, 122
point, cG9pbnQ=, 177
pole, cG9sZQ==, 123
police, cG9saWNl, 200
policy, cG9saWN5, 145
political, cG9saXRpY2Fs, 21
politically, cG9saXRpY2FsbHk=, 103
politician, cG9saXRpY2lhbg==, 115
politics, cG9saXRpY3M=, 231
poll, cG9sbA==, 115
pollution, cG9sbHV0aW9u, 236
pool, cG9vbA==, 118
poor, cG9vcg==, 157
pop, cG9w, 90
popular, cG9wdWxhcg==, 57
population, cG9wdWxhdGlvbg==, 197
porch, cG9yY2g=, 139
port, cG9ydA==, 123
portion, cG9ydGlvbg==, 44
portrait, cG9ydHJhaXQ=, 1
portray, cG9ydHJheQ==, 234
pose, cG9zZQ==, 130
position, cG9zaXRpb24=, 221
positive, cG9zaXRpdmU=, 59
possess, cG9zc2Vzcw==, 22
possibility, cG9zc2liaWxpdHk=, 187
possible, cG9zc2libGU=, 2
possibly, cG9zc2libHk=, 25
post, cG9zdA==, 124
pot, cG90, 19
potato, cG90YXRv, 140
potential, cG90ZW50aWFs, 154
potentially, cG90ZW50aWFsbHk=, 236
pound, cG91bmQ=, 113
pour, cG91cg==, 88
poverty, cG92ZXJ0eQ==, 113
powder, cG93ZGVy, 134
power, cG93ZXI=, 78
powerful, cG93ZXJmdWw=, 238
practical, cHJhY3RpY2Fs, 239
practice, cHJhY3RpY2U=, 200
pray, cHJheQ==, 141
prayer, cHJheWVy, 232
precisely, cHJlY2lzZWx5, 48
predict, cHJlZGljdA==, 247
prefer, cHJlZmVy, 247
preference, cHJlZmVyZW5jZQ==, 108
pregnancy, cHJlZ25hbmN5, 220
pregnant, cHJlZ25hbnQ=, 232
preparation, cHJlcGFyYXRpb24=, 66
prepare, cHJlcGFyZQ==, 239
prescription, cHJlc2NyaXB0aW9u, 78
presence, cHJlc2VuY2U=, 222
present, cHJlc2VudA==, 224
presentation, cHJlc2VudGF0aW9u, 72
preserve, cHJlc2VydmU=, 40
president, cHJlc2lkZW50, 227
presidential, cHJlc2lkZW50aWFs, 84
press, cHJlc3M=, 129
pressure, cHJlc3N1cmU=, 216
pretend, cHJldGVuZA==, 236
pretty, cHJldHR5, 148
prevent, cHJldmVudA==, 28
previous, cHJldmlvdXM=, 90
previously, cHJldmlvdXNseQ==, 193
price, cHJpY2U=, 130
pride, cHJpZGU=, 152
priest, cHJpZXN0, 149
primarily, cHJpbWFyaWx5, 66
primary, cHJpbWFyeQ==, 13
prime, cHJpbWU=, 176
principal, cHJpbmNpcGFs, 85
principle, cHJpbmNpcGxl, 128
print, cHJpbnQ=, 195
prior, cHJpb3I=, 128
priority, cHJpb3JpdHk=, 8
prison, cHJpc29u, 168
prisoner, cHJpc29uZXI=, 224
privacy, cHJpdmFjeQ==, 22
private, cHJpdmF0ZQ==, 209
probably, cHJvYmFibHk=, 50
problem, cHJvYmxlbQ==, 66
procedure, cHJvY2VkdXJl, 41
proceed, cHJvY2VlZA==, 205
process, cHJvY2Vzcw==, 26
produce, cHJvZHVjZQ==, 242
producer, cHJvZHVjZXI=, 5
product, cHJvZHVjdA==, 236
production, cHJvZHVjdGlvbg==, 157
profession, cHJvZmVzc2lvbg==, 188
professional, cHJvZmVzc2lvbmFs, 1
professor, cHJvZmVzc29y, 73
profile, cHJvZmlsZQ==, 54
profit, cHJvZml0, 206
program, cHJvZ3JhbQ==, 215
progress, cHJvZ3Jlc3M=, 206
project, cHJvamVjdA==, 24
prominent, cHJvbWluZW50, 27
promise, cHJvbWlzZQ==, 47
promote, cHJvbW90ZQ==, 178
prompt, cHJvbXB0, 151
proof, cHJvb2Y=, 149
proper, cHJvcGVy, 228
properly, cHJvcGVybHk=, 54
property, cHJvcGVydHk=, 56
proportion, cHJvcG9ydGlvbg==, 151
proposal, cHJvcG9zYWw=, 44
propose, cHJvcG9zZQ==, 237
proposed, cHJvcG9zZWQ=, 7
prosecutor, cHJvc2VjdXRvcg==, 136
prospect, cHJvc3BlY3Q=, 201
protect, cHJvdGVjdA==, 245
protection, cHJvdGVjdGlvbg==, 166
protein, cHJvdGVpbg==, 31
protest, cHJvdGVzdA==, 5
proud, cHJvdWQ=, 180
prove, cHJvdmU=, 206
provide, cHJvdmlkZQ==, 56
provider, cHJvdmlkZXI=, 75
province, cHJvdmluY2U=, 58
provision, cHJvdmlzaW9u, 136
psychological, cHN5Y2hvbG9naWNhbA==, 114
psychologist, cHN5Y2hvbG9naXN0, 30
psychology, cHN5Y2hvbG9neQ==, 23
public, cHVibGlj, 233
publication, cHVibGljYXRpb24=, 97
publicly, cHVibGljbHk=, 59
publish, cHVibGlzaA==, 21
publisher, cHVibGlzaGVy, 112
pull, cHVsbA==, 145
punishment, cHVuaXNobWVudA==, 143
purchase, cHVyY2hhc2U=, 252
pure, cHVyZQ==, 159
purpose, cHVycG9zZQ==, 252
pursue, cHVyc3Vl, 210
push, cHVzaA==, 151
put, cHV0, 49
qualify, cXVhbGlmeQ==, 43
quality, cXVhbGl0eQ==, 238
quarter, cXVhcnRlcg==, 76
quarterback, cXVhcnRlcmJhY2s=, 197
question, cXVlc3Rpb24=, 218
quick, cXVpY2s=, 188
quickly, cXVpY2tseQ==, 35
quiet, cXVpZXQ=, 193
quietly, cXVpZXRseQ==, 40
quit, cXVpdA==, 160
quite, cXVpdGU=, 190
quote, cXVvdGU=, 196
race, cmFjZQ==, 165
racial, cmFjaWFs, 241
radical, cmFkaWNhbA==, 12
radio, cmFkaW8=, 174
rail, cmFpbA==, 163
rain, cmFpbg==, 201
raise, cmFpc2U=, 173
range, cmFuZ2U=, 169
rank, cmFuaw==, 221
rapid, cmFwaWQ=, 211
rapidly, cmFwaWRseQ==, 58
rare, cmFyZQ==, 180
rarely, cmFyZWx5, 237
rate, cmF0ZQ==, 107
rather, cmF0aGVy, 189
rating, cmF0aW5n, 161
ratio, cmF0aW8=, 115
raw, cmF3, 73
reach, cmVhY2g=, 189
react, cmVhY3Q=, 168
reaction, cmVhY3Rpb24=, 225
read, cmVhZA==, 163
reader, cmVhZGVy, 254
reading, cmVhZGluZw==, 91
ready, cmVhZHk=, 216
real, cmVhbA==, 171
reality, cmVhbGl0eQ==, 3
realize, cmVhbGl6ZQ==, 254
really, cmVhbGx5, 228
reason, cmVhc29u, 209
reasonable, cmVhc29uYWJsZQ==, 99
recall, cmVjYWxs, 43
receive, cmVjZWl2ZQ==, 4
recent, cmVjZW50, 166
recently, cmVjZW50bHk=, 248
recipe, cmVjaXBl, 247
recognition, cmVjb2duaXRpb24=, 125
recognize, cmVjb2duaXpl, 146
recommend, cmVjb21tZW5k, 26
recommendation, cmVjb21tZW5kYXRpb24=, 146
record, cmVjb3Jk, 218
recording, cmVjb3JkaW5n, 53
recover, cmVjb3Zlcg==, 47
recovery, cmVjb3Zlcnk=, 100
recruit, cmVjcnVpdA==, 70
red, cmVk, 145
reduce, cmVkdWNl, 6
reduction, cmVkdWN0aW9u, 48
refer, cmVmZXI=, 203
reference, cmVmZXJlbmNl, 132
reflect, cmVmbGVjdA==, 27
reflection, cmVmbGVjdGlvbg==, 204
reform, cmVmb3Jt, 230
refugee, cmVmdWdlZQ==, 67
refuse, cmVmdXNl, 9
regard, cmVnYXJk, 250
regarding, cmVnYXJkaW5n, 85
regardless, cmVnYXJkbGVzcw==, 199
regime, cmVnaW1l, 233
region, cmVnaW9u, 250
regional, cmVnaW9uYWw=, 94
register, cmVnaXN0ZXI=, 3
regular, cmVndWxhcg==, 115
regularly, cmVndWxhcmx5, 172
regulate, cmVndWxhdGU=, 108
regulation, cmVndWxhdGlvbg==, 255
reinforce, cmVpbmZvcmNl, 191
reject, cmVqZWN0, 198
relate, cmVsYXRl, 8
relation, cmVsYXRpb24=, 17
relationship, cmVsYXRpb25zaGlw, 218
relative, cmVsYXRpdmU=, 111
relatively, cmVsYXRpdmVseQ==, 214
relax, cmVsYXg=, 238
release, cmVsZWFzZQ==, 47
relevant, cmVsZXZhbnQ=, 107
relief, cmVsaWVm, 20
religion, cmVsaWdpb24=, 42
religious, cmVsaWdpb3Vz, 138
rely, cmVseQ==, 201
remain, cmVtYWlu, 43
remaining, cmVtYWluaW5n, 134
remarkable, cmVtYXJrYWJsZQ==, 153
remember, cmVtZW1iZXI=, 29
remind, cmVtaW5k, 242
remote, cmVtb3Rl, 237
remove, cmVtb3Zl, 245
repeat, cmVwZWF0, 196
repeatedly, cmVwZWF0ZWRseQ==, 106
replace, cmVwbGFjZQ==, 27
reply, cmVwbHk=, 239
report, cmVwb3J0, 172
reporter, cmVwb3J0ZXI=, 228
represent, cmVwcmVzZW50, 83
representation, cmVwcmVzZW50YXRpb24=, 203
representative, cmVwcmVzZW50YXRpdmU=, 41
Republican, UmVwdWJsaWNhbg==, 184
reputation, cmVwdXRhdGlvbg==, 227
request, cmVxdWVzdA==, 72
require, cmVxdWlyZQ==, 99
requirement, cmVxdWlyZW1lbnQ=, 234
research, cmVzZWFyY2g=, 63
researcher, cmVzZWFyY2hlcg==, 179
resemble, cmVzZW1ibGU=, 38
reservation, cmVzZXJ2YXRpb24=, 70
resident, cmVzaWRlbnQ=, 116
resist, cmVzaXN0, 215
resistance, cmVzaXN0YW5jZQ==, 75
resolution, cmVzb2x1dGlvbg==, 173
resolve, cmVzb2x2ZQ==, 3
resort, cmVzb3J0, 175
resource, cmVzb3VyY2U=, 33
respect, cmVzcGVjdA==, 41
respond, cmVzcG9uZA==, 13
respondent, cmVzcG9uZGVudA==, 131
response, cmVzcG9uc2U=, 31
responsibility, cmVzcG9uc2liaWxpdHk=, 86
responsible, cmVzcG9uc2libGU=, 157
rest, cmVzdA==, 191
restaurant, cmVzdGF1cmFudA==, 108
restore, cmVzdG9yZQ==, 34
restriction, cmVzdHJpY3Rpb24=, 89
result, cmVzdWx0, 3
retain, cmV0YWlu, 231
retire, cmV0aXJl, 197
retirement, cmV0aXJlbWVudA==, 104
return, cmV0dXJu, 209
reveal, cmV2ZWFs, 194
revenue, cmV2ZW51ZQ==, 148
review, cmV2aWV3, 153
revolution, cmV2b2x1dGlvbg==, 101
rhythm, cmh5dGht, 244
rice, cmljZQ==, 203
rich, cmljaA==, 194
rid, cmlk, 167
ride, cmlkZQ==, 204
rifle, cmlmbGU=, 228
right, cmlnaHQ=, 225
ring, cmluZw==, 252
rise, cmlzZQ==, 219
risk, cmlzaw==, 8
river, cml2ZXI=, 166
road, cm9hZA==, 134
rock, cm9jaw==, 197
role, cm9sZQ==, 161
roll, cm9sbA==, 153
romantic, cm9tYW50aWM=, 212
roof, cm9vZg==, 186
room, cm9vbQ==, 172
root, cm9vdA==, 158
rope, cm9wZQ==, 165
rose, cm9zZQ==, 168
rough, cm91Z2g=, 106
roughly, cm91Z2hseQ==, 209
round, cm91bmQ=, 151
route, cm91dGU=, 119
routine, cm91dGluZQ==, 235
row, cm93, 60
rub, cnVi, 144
rule, cnVsZQ==, 191
run, cnVu, 156
running, cnVubmluZw==, 151
rural, cnVyYWw=, 4
rush, cnVzaA==, 189
Russian, UnVzc2lhbg==, 63
sacred, c2FjcmVk, 214
sad, c2Fk, 70
safe, c2FmZQ==, 109
safety, c2FmZXR5, 129
sake, c2FrZQ==, 114
salad, c2FsYWQ=, 140
salary, c2FsYXJ5, 126
sale, c2FsZQ==, 115
sales, c2FsZXM=, 138
salt, c2FsdA==, 109
same, c2FtZQ==, 116
sample, c2FtcGxl, 221
sanction, c2FuY3Rpb24=, 163
sand, c2FuZA==, 101
satellite, c2F0ZWxsaXRl, 30
satisfaction, c2F0aXNmYWN0aW9u, 19
satisfy, c2F0aXNmeQ==, 175
sauce, c2F1Y2U=, 41
save, c2F2ZQ==, 50
saving, c2F2aW5n, 104
say, c2F5, 16
scale, c2NhbGU=, 134
scandal, c2NhbmRhbA==, 241
scared, c2NhcmVk, 220
scenario, c2NlbmFyaW8=, 10
scene, c2NlbmU=, 176
schedule, c2NoZWR1bGU=, 193
scheme, c2NoZW1l, 160
scholar, c2Nob2xhcg==, 10
scholarship, c2Nob2xhcnNoaXA=, 139
school, c2Nob29s, 146
science, c2NpZW5jZQ==, 200
scientific, c2NpZW50aWZpYw==, 53
scientist, c2NpZW50aXN0, 160
scope, c2NvcGU=, 149
score, c2NvcmU=, 187
scream, c2NyZWFt, 199
screen, c2NyZWVu, 216
script, c2NyaXB0, 135
sea, c2Vh, 83
search, c2VhcmNo, 224
season, c2Vhc29u, 150
seat, c2VhdA==, 114
second, c2Vjb25k, 137
secret, c2VjcmV0, 171
secretary, c2VjcmV0YXJ5, 219
section, c2VjdGlvbg==, 37
sector, c2VjdG9y, 178
secure, c2VjdXJl, 199
security, c2VjdXJpdHk=, 31
see, c2Vl, 87
seed, c2VlZA==, 108
seek, c2Vlaw==, 169
seem, c2VlbQ==, 132
segment, c2VnbWVudA==, 252
seize, c2VpemU=, 191
select, c2VsZWN0, 141
selection, c2VsZWN0aW9u, 243
self, c2VsZg==, 153
sell, c2VsbA==, 123
Senate, U2VuYXRl, 193
senator, c2VuYXRvcg==, 29
send, c2VuZA==, 117
senior, c2VuaW9y, 202
sense, c2Vuc2U=, 135
sensitive, c2Vuc2l0aXZl, 16
sentence, c2VudGVuY2U=, 243
separate, c2VwYXJhdGU=, 2
sequence, c2VxdWVuY2U=, 6
series, c2VyaWVz, 236
serious, c2VyaW91cw==, 218
seriously, c2VyaW91c2x5, 200
serve, c2VydmU=, 199
service, c2VydmljZQ==, 48
session, c2Vzc2lvbg==, 31
set, c2V0, 27
setting, c2V0dGluZw==, 242
settle, c2V0dGxl, 170
settlement, c2V0dGxlbWVudA==, 77
seven, c2V2ZW4=, 63
several, c2V2ZXJhbA==, 158
severe, c2V2ZXJl, 133
sex, c2V4, 31
sexual, c2V4dWFs, 147
shade, c2hhZGU=, 152
shadow, c2hhZG93, 114
shake, c2hha2U=, 138
shall, c2hhbGw=, 194
shape, c2hhcGU=, 161
share, c2hhcmU=, 199
sharp, c2hhcnA=, 180
she, c2hl, 105
sheet, c2hlZXQ=, 169
shelf, c2hlbGY=, 168
shell, c2hlbGw=, 198
shelter, c2hlbHRlcg==, 21
shift, c2hpZnQ=, 195
shine, c2hpbmU=, 206
ship, c2hpcA==, 139
shirt, c2hpcnQ=, 204
shit, c2hpdA==, 140
shock, c2hvY2s=, 174
shoe, c2hvZQ==, 152
shoot, c2hvb3Q=, 150
shooting, c2hvb3Rpbmc=, 57
shop, c2hvcA==, 145
shopping, c2hvcHBpbmc=, 63
shore, c2hvcmU=, 213
short, c2hvcnQ=, 210
shortly, c2hvcnRseQ==, 57
shot, c2hvdA==, 146
should, c2hvdWxk, 17
shoulder, c2hvdWxkZXI=, 73
shout, c2hvdXQ=, 189
show, c2hvdw==, 200
shower, c2hvd2Vy, 216
shrug, c2hydWc=, 209
shut, c2h1dA==, 77
sick, c2ljaw==, 189
side, c2lkZQ==, 145
sigh, c2lnaA==, 139
sight, c2lnaHQ=, 166
sign, c2lnbg==, 178
signal, c2lnbmFs, 247
significance, c2lnbmlmaWNhbmNl, 14
significant, c2lnbmlmaWNhbnQ=, 227
significantly, c2lnbmlmaWNhbnRseQ==, 74
silence, c2lsZW5jZQ==, 233
silent, c2lsZW50, 138
silver, c2lsdmVy, 20
similar, c2ltaWxhcg==, 81
similarly, c2ltaWxhcmx5, 138
simple, c2ltcGxl, 3
simply, c2ltcGx5, 204
sin, c2lu, 118
since, c2luY2U=, 147
sing, c2luZw==, 193
singer, c2luZ2Vy, 209
single, c2luZ2xl, 230
sink, c2luaw==, 200
sir, c2ly, 122
sister, c2lzdGVy, 245
sit, c2l0, 49
site, c2l0ZQ==, 86
situation, c2l0dWF0aW9u, 200
six, c2l4, 53
size, c2l6ZQ==, 92
ski, c2tp, 121
skill, c2tpbGw=, 214
skin, c2tpbg==, 188
sky, c2t5, 62
slave, c2xhdmU=, 216
sleep, c2xlZXA=, 169
slice, c2xpY2U=, 154
slide, c2xpZGU=, 176
slight, c2xpZ2h0, 161
slightly, c2xpZ2h0bHk=, 243
slip, c2xpcA==, 155
slow, c2xvdw==, 216
slowly, c2xvd2x5, 198
small, c21hbGw=, 139
smart, c21hcnQ=, 141
smell, c21lbGw=, 143
smile, c21pbGU=, 113
smoke, c21va2U=, 97
smooth, c21vb3Ro, 146
snap, c25hcA==, 80
snow, c25vdw==, 149
so, c28=, 10
so-called, c28tY2FsbGVk, 239
soccer, c29jY2Vy, 146
social, c29jaWFs, 169
society, c29jaWV0eQ==, 166
soft, c29mdA==, 90
software, c29mdHdhcmU=, 21
soil, c29pbA==, 91
solar, c29sYXI=, 120
soldier, c29sZGllcg==, 254
solid, c29saWQ=, 135
solution, c29sdXRpb24=, 196
solve, c29sdmU=, 164
some, c29tZQ==, 103
somebody, c29tZWJvZHk=, 253
somehow, c29tZWhvdw==, 38
someone, c29tZW9uZQ==, 198
something, c29tZXRoaW5n, 16
sometimes, c29tZXRpbWVz, 63
somewhat, c29tZXdoYXQ=, 6
somewhere, c29tZXdoZXJl, 47
son, c29u, 67
song, c29uZw==, 142
soon, c29vbg==, 135
sophisticated, c29waGlzdGljYXRlZA==, 216
sorry, c29ycnk=, 192
sort, c29ydA==, 102
soul, c291bA==, 28
sound, c291bmQ=, 92
soup, c291cA==, 29
source, c291cmNl, 137
south, c291dGg=, 78
southern, c291dGhlcm4=, 191
Soviet, U292aWV0, 48
space, c3BhY2U=, 93
Spanish, U3BhbmlzaA==, 3
speak, c3BlYWs=, 164
speaker, c3BlYWtlcg==, 24
special, c3BlY2lhbA==, 192
specialist, c3BlY2lhbGlzdA==, 81
species, c3BlY2llcw==, 251
specific, c3BlY2lmaWM=, 234
specifically, c3BlY2lmaWNhbGx5, 108
speech, c3BlZWNo, 178
speed, c3BlZWQ=, 131
spend, c3BlbmQ=, 161
spending, c3BlbmRpbmc=, 68
spin, c3Bpbg==, 139
spirit, c3Bpcml0, 180
spiritual, c3Bpcml0dWFs, 40
split, c3BsaXQ=, 146
spokesman, c3Bva2VzbWFu, 37
sport, c3BvcnQ=, 173
spot, c3BvdA==, 109
spread, c3ByZWFk, 179
spring, c3ByaW5n, 172
square, c3F1YXJl, 116
squeeze, c3F1ZWV6ZQ==, 111
stability, c3RhYmlsaXR5, 53
stable, c3RhYmxl, 250
staff, c3RhZmY=, 173
stage, c3RhZ2U=, 110
stair, c3RhaXI=, 143
stake, c3Rha2U=, 117
stand, c3RhbmQ=, 173
standard, c3RhbmRhcmQ=, 55
standing, c3RhbmRpbmc=, 80
star, c3Rhcg==, 148
stare, c3RhcmU=, 178
start, c3RhcnQ=, 175
state, c3RhdGU=, 141
statement, c3RhdGVtZW50, 219
station, c3RhdGlvbg==, 32
statistics, c3RhdGlzdGljcw==, 182
status, c3RhdHVz, 204
stay, c3RheQ==, 128
steady, c3RlYWR5, 139
steal, c3RlYWw=, 184
steel, c3RlZWw=, 185
step, c3RlcA==, 114
stick, c3RpY2s=, 147
still, c3RpbGw=, 181
stir, c3Rpcg==, 156
stock, c3RvY2s=, 153
stomach, c3RvbWFjaA==, 227
stone, c3RvbmU=, 191
stop, c3RvcA==, 124
storage, c3RvcmFnZQ==, 7
store, c3RvcmU=, 192
storm, c3Rvcm0=, 155
story, c3Rvcnk=, 215
straight, c3RyYWlnaHQ=, 34
strange, c3RyYW5nZQ==, 217
stranger, c3RyYW5nZXI=, 236
strategic, c3RyYXRlZ2lj, 50
strategy, c3RyYXRlZ3k=, 5
stream, c3RyZWFt, 204
street, c3RyZWV0, 152
strength, c3RyZW5ndGg=, 4
strengthen, c3RyZW5ndGhlbg==, 119
stress, c3RyZXNz, 219
stretch, c3RyZXRjaA==, 235
strike, c3RyaWtl, 249
string, c3RyaW5n, 188
strip, c3RyaXA=, 152
stroke, c3Ryb2tl, 213
strong, c3Ryb25n, 152
strongly, c3Ryb25nbHk=, 234
structure, c3RydWN0dXJl, 12
struggle, c3RydWdnbGU=, 41
student, c3R1ZGVudA==, 164
studio, c3R1ZGlv, 156
study, c3R1ZHk=, 99
stuff, c3R1ZmY=, 118
stupid, c3R1cGlk, 154
style, c3R5bGU=, 88
subject, c3ViamVjdA==, 2
submit, c3VibWl0, 170
subsequent, c3Vic2VxdWVudA==, 93
substance, c3Vic3RhbmNl, 46
substantial, c3Vic3RhbnRpYWw=, 155
succeed, c3VjY2VlZA==, 184
success, c3VjY2Vzcw==, 5
successful, c3VjY2Vzc2Z1bA==, 238
successfully, c3VjY2Vzc2Z1bGx5, 39
such, c3VjaA==, 114
sudden, c3VkZGVu, 195
suddenly, c3VkZGVubHk=, 21
sue, c3Vl, 88
suffer, c3VmZmVy, 239
sufficient, c3VmZmljaWVudA==, 152
sugar, c3VnYXI=, 145
suggest, c3VnZ2VzdA==, 213
suggestion, c3VnZ2VzdGlvbg==, 134
suicide, c3VpY2lkZQ==, 227
suit, c3VpdA==, 123
summer, c3VtbWVy, 232
summit, c3VtbWl0, 181
sun, c3Vu, 97
super, c3VwZXI=, 155
supply, c3VwcGx5, 186
support, c3VwcG9ydA==, 222
supporter, c3VwcG9ydGVy, 57
suppose, c3VwcG9zZQ==, 229
supposed, c3VwcG9zZWQ=, 255
Supreme, U3VwcmVtZQ==, 20
sure, c3VyZQ==, 138
surely, c3VyZWx5, 195
surface, c3VyZmFjZQ==, 1
surgery, c3VyZ2VyeQ==, 240
surprise, c3VycHJpc2U=, 241
surprised, c3VycHJpc2Vk, 32
surprising, c3VycHJpc2luZw==, 139
surprisingly, c3VycHJpc2luZ2x5, 121
surround, c3Vycm91bmQ=, 252
survey, c3VydmV5, 193
survival, c3Vydml2YWw=, 56
survive, c3Vydml2ZQ==, 249
survivor, c3Vydml2b3I=, 239
suspect, c3VzcGVjdA==, 239
sustain, c3VzdGFpbg==, 10
swear, c3dlYXI=, 157
sweep, c3dlZXA=, 150
sweet, c3dlZXQ=, 166
swim, c3dpbQ==, 151
swing, c3dpbmc=, 217
switch, c3dpdGNo, 210
symbol, c3ltYm9s, 232
symptom, c3ltcHRvbQ==, 22
system, c3lzdGVt, 241
table, dGFibGU=, 149
tablespoon, dGFibGVzcG9vbg==, 111
tactic, dGFjdGlj, 220
tail, dGFpbA==, 126
take, dGFrZQ==, 136
tale, dGFsZQ==, 137
talent, dGFsZW50, 122
talk, dGFsaw==, 182
tall, dGFsbA==, 129
tank, dGFuaw==, 184
tap, dGFw, 104
tape, dGFwZQ==, 141
target, dGFyZ2V0, 124
task, dGFzaw==, 189
taste, dGFzdGU=, 168
tax, dGF4, 37
taxpayer, dGF4cGF5ZXI=, 130
tea, dGVh, 105
teach, dGVhY2g=, 152
teacher, dGVhY2hlcg==, 12
teaching, dGVhY2hpbmc=, 59
team, dGVhbQ==, 150
tear, dGVhcg==, 173
teaspoon, dGVhc3Bvb24=, 188
technical, dGVjaG5pY2Fs, 252
technique, dGVjaG5pcXVl, 53
technology, dGVjaG5vbG9neQ==, 62
teen, dGVlbg==, 176
teenager, dGVlbmFnZXI=, 40
telephone, dGVsZXBob25l, 12
telescope, dGVsZXNjb3Bl, 33
television, dGVsZXZpc2lvbg==, 170
tell, dGVsbA==, 145
temperature, dGVtcGVyYXR1cmU=, 132
temporary, dGVtcG9yYXJ5, 1
ten, dGVu, 118
tend, dGVuZA==, 139
tendency, dGVuZGVuY3k=, 22
tennis, dGVubmlz, 43
tension, dGVuc2lvbg==, 48
tent, dGVudA==, 149
term, dGVybQ==, 167
terms, dGVybXM=, 190
terrible, dGVycmlibGU=, 90
territory, dGVycml0b3J5, 250
terror, dGVycm9y, 252
terrorism, dGVycm9yaXNt, 119
terrorist, dGVycm9yaXN0, 51
test, dGVzdA==, 154
testify, dGVzdGlmeQ==, 47
testimony, dGVzdGltb255, 4
testing, dGVzdGluZw==, 82
text, dGV4dA==, 84
than, dGhhbg==, 190
thank, dGhhbms=, 250
thanks, dGhhbmtz, 56
that, dGhhdA==, 154
the, dGhl, 127
theater, dGhlYXRlcg==, 50
their, dGhlaXI=, 190
them, dGhlbQ==, 172
theme, dGhlbWU=, 202
themselves, dGhlbXNlbHZlcw==, 183
then, dGhlbg==, 194
theory, dGhlb3J5, 147
therapy, dGhlcmFweQ==, 60
there, dGhlcmU=, 225
therefore, dGhlcmVmb3Jl, 93
these, dGhlc2U=, 166
they, dGhleQ==, 175
thick, dGhpY2s=, 190
thin, dGhpbg==, 198
thing, dGhpbmc=, 242
think, dGhpbms=, 2
thinking, dGhpbmtpbmc=, 165
third, dGhpcmQ=, 225
thirty, dGhpcnR5, 219
this, dGhpcw==, 215
those, dGhvc2U=, 176
though, dGhvdWdo, 23
thought, dGhvdWdodA==, 54
thousand, dGhvdXNhbmQ=, 88
threat, dGhyZWF0, 179
threaten, dGhyZWF0ZW4=, 213
three, dGhyZWU=, 207
throat, dGhyb2F0, 150
through, dGhyb3VnaA==, 1
throughout, dGhyb3VnaG91dA==, 22
throw, dGhyb3c=, 193
thus, dGh1cw==, 152
ticket, dGlja2V0, 154
tie, dGll, 131
tight, dGlnaHQ=, 188
time, dGltZQ==, 176
tiny, dGlueQ==, 188
tip, dGlw, 142
tire, dGlyZQ==, 181
tired, dGlyZWQ=, 207
tissue, dGlzc3Vl, 233
title, dGl0bGU=, 130
to, dG8=, 32
tobacco, dG9iYWNjbw==, 8
today, dG9kYXk=, 168
toe, dG9l, 80
together, dG9nZXRoZXI=, 253
tomato, dG9tYXRv, 209
tomorrow, dG9tb3Jyb3c=, 229
tone, dG9uZQ==, 126
tongue, dG9uZ3Vl, 168
tonight, dG9uaWdodA==, 3
too, dG9v, 90
tool, dG9vbA==, 119
tooth, dG9vdGg=, 169
top, dG9w, 91
topic, dG9waWM=, 157
toss, dG9zcw==, 178
total, dG90YWw=, 120
totally, dG90YWxseQ==, 223
touch, dG91Y2g=, 68
tough, dG91Z2g=, 69
tour, dG91cg==, 89
tourist, dG91cmlzdA==, 234
tournament, dG91cm5hbWVudA==, 37
toward, dG93YXJk, 125
towards, dG93YXJkcw==, 209
tower, dG93ZXI=, 79
town, dG93bg==, 90
toy, dG95, 25
trace, dHJhY2U=, 123
track, dHJhY2s=, 153
trade, dHJhZGU=, 145
tradition, dHJhZGl0aW9u, 1
traditional, dHJhZGl0aW9uYWw=, 101
traffic, dHJhZmZpYw==, 57
tragedy, dHJhZ2VkeQ==, 219
trail, dHJhaWw=, 202
train, dHJhaW4=, 135
training, dHJhaW5pbmc=, 42
transfer, dHJhbnNmZXI=, 33
transform, dHJhbnNmb3Jt, 60
transformation, dHJhbnNmb3JtYXRpb24=, 180
transition, dHJhbnNpdGlvbg==, 188
translate, dHJhbnNsYXRl, 94
transportation, dHJhbnNwb3J0YXRpb24=, 122
travel, dHJhdmVs, 248
treat, dHJlYXQ=, 161
treatment, dHJlYXRtZW50, 239
treaty, dHJlYXR5, 154
tree, dHJlZQ==, 135
tremendous, dHJlbWVuZG91cw==, 69
trend, dHJlbmQ=, 191
trial, dHJpYWw=, 202
tribe, dHJpYmU=, 190
trick, dHJpY2s=, 161
trip, dHJpcA==, 132
troop, dHJvb3A=, 127
trouble, dHJvdWJsZQ==, 9
truck, dHJ1Y2s=, 98
TRUE, VFJVRQ==, 89
truly, dHJ1bHk=, 121
trust, dHJ1c3Q=, 75
truth, dHJ1dGg=, 118
try, dHJ5, 43
tube, dHViZQ==, 144
tunnel, dHVubmVs, 15
turn, dHVybg==, 190
TV, VFY=, 50
twelve, dHdlbHZl, 236
twenty, dHdlbnR5, 211
twice, dHdpY2U=, 157
twin, dHdpbg==, 195
two, dHdv, 134
type, dHlwZQ==, 180
typical, dHlwaWNhbA==, 26
typically, dHlwaWNhbGx5, 83
ugly, dWdseQ==, 194
ultimate, dWx0aW1hdGU=, 241
ultimately, dWx0aW1hdGVseQ==, 88
unable, dW5hYmxl, 2
uncle, dW5jbGU=, 149
under, dW5kZXI=, 147
undergo, dW5kZXJnbw==, 24
understand, dW5kZXJzdGFuZA==, 76
understanding, dW5kZXJzdGFuZGluZw==, 4
unfortunately, dW5mb3J0dW5hdGVseQ==, 104
uniform, dW5pZm9ybQ==, 6
union, dW5pb24=, 101
unique, dW5pcXVl, 221
unit, dW5pdA==, 127
United, VW5pdGVk, 190
universal, dW5pdmVyc2Fs, 78
universe, dW5pdmVyc2U=, 39
university, dW5pdmVyc2l0eQ==, 97
unknown, dW5rbm93bg==, 224
unless, dW5sZXNz, 221
unlike, dW5saWtl, 251
unlikely, dW5saWtlbHk=, 77
until, dW50aWw=, 140
unusual, dW51c3VhbA==, 146
up, dXA=, 58
upon, dXBvbg==, 183
upper, dXBwZXI=, 173
urban, dXJiYW4=, 144
urge, dXJnZQ==, 153
us, dXM=, 70
use, dXNl, 118
used, dXNlZA==, 139
useful, dXNlZnVs, 7
user, dXNlcg==, 186
usual, dXN1YWw=, 159
usually, dXN1YWxseQ==, 6
utility, dXRpbGl0eQ==, 243
vacation, dmFjYXRpb24=, 249
valley, dmFsbGV5, 190
valuable, dmFsdWFibGU=, 47
value, dmFsdWU=, 215
variable, dmFyaWFibGU=, 50
variation, dmFyaWF0aW9u, 36
variety, dmFyaWV0eQ==, 254
various, dmFyaW91cw==, 6
vary, dmFyeQ==, 192
vast, dmFzdA==, 176
vegetable, dmVnZXRhYmxl, 171
vehicle, dmVoaWNsZQ==, 52
venture, dmVudHVyZQ==, 60
version, dmVyc2lvbg==, 90
versus, dmVyc3Vz, 6
very, dmVyeQ==, 208
vessel, dmVzc2Vs, 255
veteran, dmV0ZXJhbg==, 254
via, dmlh, 165
victim, dmljdGlt, 50
victory, dmljdG9yeQ==, 52
video, dmlkZW8=, 206
view, dmlldw==, 254
viewer, dmlld2Vy, 14
village, dmlsbGFnZQ==, 50
violate, dmlvbGF0ZQ==, 247
violation, dmlvbGF0aW9u, 56
violence, dmlvbGVuY2U=, 68
violent, dmlvbGVudA==, 70
virtually, dmlydHVhbGx5, 118
virtue, dmlydHVl, 36
virus, dmlydXM=, 252
visible, dmlzaWJsZQ==, 81
vision, dmlzaW9u, 29
visit, dmlzaXQ=, 254
visitor, dmlzaXRvcg==, 124
visual, dmlzdWFs, 43
vital, dml0YWw=, 209
voice, dm9pY2U=, 151
volume, dm9sdW1l, 213
volunteer, dm9sdW50ZWVy, 29
vote, dm90ZQ==, 95
voter, dm90ZXI=, 114
vs, dnM=, 92
vulnerable, dnVsbmVyYWJsZQ==, 203
wage, d2FnZQ==, 111
wait, d2FpdA==, 107
wake, d2FrZQ==, 115
walk, d2Fsaw==, 161
wall, d2FsbA==, 108
wander, d2FuZGVy, 193
want, d2FudA==, 112
war, d2Fy, 85
warm, d2FybQ==, 130
warn, d2Fybg==, 152
warning, d2FybmluZw==, 80
wash, d2FzaA==, 114
waste, d2FzdGU=, 147
watch, d2F0Y2g=, 59
water, d2F0ZXI=, 68
wave, d2F2ZQ==, 51
way, d2F5, 17
we, d2U=, 40
weak, d2Vhaw==, 166
wealth, d2VhbHRo, 191
wealthy, d2VhbHRoeQ==, 239
weapon, d2VhcG9u, 172
wear, d2Vhcg==, 152
weather, d2VhdGhlcg==, 23
wedding, d2VkZGluZw==, 36
week, d2Vlaw==, 170
weekend, d2Vla2VuZA==, 203
weekly, d2Vla2x5, 152
weigh, d2VpZ2g=, 140
weight, d2VpZ2h0, 128
welcome, d2VsY29tZQ==, 188
welfare, d2VsZmFyZQ==, 10
well, d2VsbA==, 124
west, d2VzdA==, 133
western, d2VzdGVybg==, 35
wet, d2V0, 28
what, d2hhdA==, 133
whatever, d2hhdGV2ZXI=, 209
wheel, d2hlZWw=, 207
when, d2hlbg==, 173
whenever, d2hlbmV2ZXI=, 249
where, d2hlcmU=, 204
whereas, d2hlcmVhcw==, 76
whether, d2hldGhlcg==, 45
which, d2hpY2g=, 157
while, d2hpbGU=, 169
whisper, d2hpc3Blcg==, 246
white, d2hpdGU=, 171
who, d2hv, 116
whole, d2hvbGU=, 175
whom, d2hvbQ==, 161
whose, d2hvc2U=, 155
why, d2h5, 51
wide, d2lkZQ==, 146
widely, d2lkZWx5, 203
widespread, d2lkZXNwcmVhZA==, 135
wife, d2lmZQ==, 148
wild, d2lsZA==, 138
will, d2lsbA==, 146
willing, d2lsbGluZw==, 74
win, d2lu, 119
wind, d2luZA==, 140
window, d2luZG93, 132
wine, d2luZQ==, 156
wing, d2luZw==, 194
winner, d2lubmVy, 21
winter, d2ludGVy, 241
wipe, d2lwZQ==, 158
wire, d2lyZQ==, 160
wisdom, d2lzZG9t, 202
wise, d2lzZQ==, 161
wish, d2lzaA==, 152
with, d2l0aA==, 78
withdraw, d2l0aGRyYXc=, 246
within, d2l0aGlu, 187
without, d2l0aG91dA==, 99
witness, d2l0bmVzcw==, 37
woman, d29tYW4=, 100
wonder, d29uZGVy, 180
wonderful, d29uZGVyZnVs, 69
wood, d29vZA==, 90
wooden, d29vZGVu, 177
word, d29yZA==, 93
work, d29yaw==, 154
worker, d29ya2Vy, 170
working, d29ya2luZw==, 7
works, d29ya3M=, 102
workshop, d29ya3Nob3A=, 172
world, d29ybGQ=, 127
worried, d29ycmllZA==, 5
worry, d29ycnk=, 193
worth, d29ydGg=, 151
would, d291bGQ=, 55
wound, d291bmQ=, 93
wrap, d3JhcA==, 103
write, d3JpdGU=, 142
writer, d3JpdGVy, 203
writing, d3JpdGluZw==, 40
wrong, d3Jvbmc=, 198
yard, eWFyZA==, 144
yeah, eWVhaA==, 150
year, eWVhcg==, 190
yell, eWVsbA==, 162
yellow, eWVsbG93, 154
yes, eWVz, 140
yesterday, eWVzdGVyZGF5, 34
yet, eWV0, 66
yield, eWllbGQ=, 203
you, eW91, 38
young, eW91bmc=, 149
your, eW91cg==, 106
yours, eW91cnM=, 129
yourself, eW91cnNlbGY=, 240
youth, eW91dGg=, 117
zone, em9uZQ==, 165